Source,Target
1943,1940
1943,1941
1943,1942
1943,1944
1943,1945
1943,1946
1616,1339
1616,66
1616,1610
1616,113
1616,965
1616,1613
1616,1614
1616,1615
1616,1617
1616,1618
2015,1281
2015,2011
2015,2012
2015,2013
2015,2014
2015,1025
228,227
228,229
1288,1286
1288,1287
634,632
634,633
120,119
120,121
120,122
120,123
41,39
41,40
41,42
41,43
41,44
41,45
1908,1907
1908,1909
1908,1910
1908,1911
564,563
564,566
564,68
564,568
1489,1487
1489,1488
1265,648
1265,1263
1265,1264
1265,1266
1265,1267
1265,1268
1265,1269
379,371
379,15
379,373
379,374
379,375
379,376
379,377
379,378
379,380
379,381
379,382
379,383
379,384
379,385
1492,1490
1492,1491
2178,1540
2178,1541
2178,2068
2178,2182
2184,2183
2184,2185
2184,2186
2184,2187
2184,2188
1801,1802
1801,1803
1801,1459
1801,1805
11,12
866,863
866,864
866,865
144,141
144,32
144,31
144,145
630,627
630,628
630,629
630,631
1386,1385
1386,1387
1236,1234
1236,1235
1236,1237
1236,1238
1236,1239
777,772
777,773
777,774
777,775
777,776
777,778
529,88
529,530
176,173
176,174
176,175
176,177
176,178
76,77
76,78
76,79
76,80
76,81
76,82
961,30
961,962
961,35
1547,1544
1547,1503
1547,1546
1547,793
1547,1549
569,570
569,571
1577,1578
1577,1191
42,39
42,40
42,41
42,43
42,44
42,45
268,266
268,267
268,269
268,270
268,271
268,272
268,273
268,274
268,110
257,256
257,258
735,732
735,733
735,376
735,736
735,249
735,738
2124,2121
2124,887
2124,2123
2124,890
1825,1826
1834,1832
1834,1833
1834,298
1834,529
1834,1837
2043,2040
2043,2041
2043,2042
2189,2190
2189,2191
2189,2192
2189,2193
1119,1120
1119,33
1010,1011
1010,1012
1010,1013
931,932
931,933
931,934
931,935
931,936
16,17
16,18
1919,1917
1919,1918
1919,1920
1919,1921
1578,1577
1578,1191
377,371
377,15
377,373
377,374
377,375
377,376
377,378
377,379
377,380
377,381
377,382
377,383
377,384
377,385
1137,1136
1137,1138
1137,1139
305,306
305,307
305,308
305,309
305,310
305,311
1786,1782
1786,1783
1786,1784
1786,1541
1786,1787
1786,1788
326,317
326,318
326,319
326,320
326,321
326,322
326,323
326,324
326,325
326,327
326,328
326,329
326,330
326,331
326,332
326,333
326,334
326,335
326,336
326,337
326,338
326,339
326,340
2109,1880
2109,1986
2109,2108
1209,1206
1209,1207
1209,1208
435,430
435,431
435,432
435,433
435,434
435,436
1557,1558
1557,1559
1557,1560
1557,1561
381,371
381,15
381,373
381,374
381,375
381,376
381,377
381,378
381,379
381,380
381,382
381,383
381,384
381,385
1080,1078
1080,710
1080,978
1080,1082
1080,564
156,154
156,155
156,157
156,158
420,419
420,421
1223,1224
1223,1225
1223,1226
178,173
178,174
178,175
178,176
178,177
916,913
916,914
916,915
916,89
885,884
885,886
1257,411
1257,1255
1257,1256
1257,489
1257,733
1257,1260
1257,401
491,492
491,493
491,494
491,495
198,196
198,197
198,199
198,200
877,874
877,875
877,876
877,878
877,223
1783,1782
1783,1784
1783,1541
1783,1786
1783,1787
1783,1788
1367,196
1367,199
1367,1369
1764,1055
1764,1765
1157,1156
1800,196
1800,198
1800,197
52,46
52,47
52,48
52,49
52,50
52,51
245,244
245,246
245,247
245,248
245,249
245,250
245,251
245,35
2060,1381
2060,1382
2060,140
2060,1383
2060,2059
290,288
290,289
279,276
279,277
279,278
279,280
1053,1050
1053,1051
1053,1052
175,173
175,174
175,176
175,177
175,178
320,317
320,318
320,319
320,321
320,322
320,323
320,324
320,325
320,326
320,327
320,328
320,329
320,330
320,331
320,332
320,333
320,334
320,335
320,336
320,337
320,338
320,339
320,340
457,454
457,455
457,456
457,458
410,404
410,405
410,376
410,407
410,408
410,72
410,411
756,754
756,633
756,634
254,253
254,255
546,219
546,545
546,218
546,221
1309,1307
1309,1308
1309,578
1400,1401
1400,1402
81,76
81,77
81,78
81,79
81,80
81,82
2090,2091
2090,2092
2090,283
2090,551
591,583
591,584
591,585
591,586
591,587
591,588
591,589
591,590
224,222
224,223
224,225
224,226
535,536
535,537
535,538
535,539
1135,1130
1135,1131
1135,1132
1135,1133
1135,1134
1930,1929
1930,1931
1930,1932
47,46
47,48
47,49
47,50
47,51
47,52
607,606
1680,1677
1680,1678
1680,1679
2226,2227
2226,2228
2226,2229
2226,2230
241,237
241,238
241,239
241,240
241,242
241,243
930,929
1246,1245
1246,1247
1246,1248
1246,1249
1246,1250
231,230
231,232
231,120
231,234
231,235
231,236
1292,1291
1292,1293
1292,1294
1140,397
1021,1017
1021,1018
1021,1019
1021,1020
1021,1022
155,154
155,156
155,157
155,158
532,531
532,533
532,534
663,664
147,146
147,148
147,149
147,31
147,151
117,113
117,114
117,115
117,116
117,118
1796,1789
1796,1790
1796,1791
1796,1792
1796,1793
1796,1794
1796,1795
1342,1340
1342,1341
1342,1343
1342,1344
2068,2065
2068,1540
2068,1541
717,714
717,115
717,666
717,719
717,720
103,96
103,97
103,98
103,99
103,100
103,101
103,102
103,104
292,291
292,294
292,295
292,296
292,297
292,298
292,299
2026,2017
2026,2018
2026,2019
2026,2020
2026,2021
2026,2022
2026,2023
2026,2024
2026,2025
2026,2027
2026,2028
2026,2029
2026,2030
2026,2031
2026,2032
160,159
160,161
15,13
15,14
1387,1385
1387,1386
888,887
888,889
888,890
888,891
888,892
1033,1031
1033,1032
1033,1034
1033,787
1033,1036
531,532
531,533
531,534
1833,1832
1833,1834
1833,298
1833,529
1833,1837
1633,1634
950,948
950,949
855,853
855,854
855,856
1899,896
1899,1898
1899,1900
1899,897
1082,1078
1082,710
1082,1080
1082,978
1082,564
481,479
481,480
519,518
631,627
631,628
631,629
631,630
396,395
396,397
23,21
23,22
35,30
35,31
35,32
35,33
35,34
98,96
98,97
98,99
98,100
98,101
98,102
98,103
98,104
1181,1179
1181,1180
1181,1182
1181,352
118,113
118,114
118,115
118,116
118,117
1393,1394
1393,936
987,341
2082,690
2082,2084
2082,2085
892,887
892,888
892,889
892,890
892,891
493,491
493,492
493,494
493,495
719,714
719,115
719,666
719,717
719,717
719,720
49,46
49,47
49,48
49,50
49,51
49,52
399,115
399,400
399,401
399,402
399,403
533,531
533,532
533,534
215,216
215,217
904,902
904,903
639,640
639,641
639,282
173,174
173,175
173,176
173,177
173,178
787,783
787,784
787,785
787,786
787,788
1405,1403
1405,1404
1405,1406
25,24
25,26
219,218
219,220
219,221
1349,1348
1349,1350
309,305
309,306
309,307
309,308
309,310
309,311
1,0
1,2
691,689
691,690
691,692
691,693
691,694
691,695
57,53
57,54
57,55
57,56
1432,1428
1432,1429
1432,1430
1432,1431
1448,1442
1448,121
1448,120
1448,122
1448,1446
1448,1447
1448,1449
34,30
34,31
34,32
34,33
34,35
553,359
553,554
483,482
483,484
483,485
483,486
483,487
260,259
260,261
260,262
2186,2183
2186,2184
2186,2185
2186,2187
2186,2188
1525,1526
1525,1527
1525,1528
1525,1529
1348,1349
1348,1350
124,125
124,126
7,3
7,4
7,5
7,6
7,8
7,9
7,10
2019,2017
2019,2018
2019,2020
2019,2021
2019,2022
2019,2023
2019,2024
2019,2025
2019,2026
2019,2027
2019,2028
2019,2029
2019,2030
2019,2031
2019,2032
2172,2170
2172,2171
2172,2173
1094,1095
1094,1096
1094,1097
2116,2110
2116,2111
2116,2112
2116,2113
2116,204
2116,2115
576,572
576,573
576,574
576,575
576,577
576,578
1247,1245
1247,1246
1247,1248
1247,1249
1247,1250
726,725
726,727
726,728
1993,1994
1993,1995
1993,1996
1993,1997
1993,1998
1993,1999
1993,2000
1993,2001
1993,2002
1993,2003
1993,2004
1993,2005
1993,2006
1993,2007
138,134
138,135
138,136
138,137
138,139
138,140
383,371
383,15
383,373
383,374
383,375
383,376
383,377
383,378
383,379
383,380
383,381
383,382
383,384
383,385
1228,6
1228,970
1228,973
1228,974
714,115
714,666
714,717
714,717
714,719
714,720
2161,2162
397,395
397,396
864,863
864,865
864,866
1754,710
1754,1252
1754,525
119,120
119,121
119,122
119,123
671,670
671,540
671,0
671,6
671,675
671,466
1747,1407
1747,1744
1747,1175
1747,1746
1747,1748
274,266
274,267
274,268
274,269
274,270
274,271
274,272
274,273
274,110
1543,1542
1303,130
1303,129
1303,131
1213,1214
1213,461
1011,1010
1011,1012
1011,1013
1560,1557
1560,1558
1560,1559
1560,1561
1451,1450
1451,1452
1610,1339
1610,66
1610,113
1610,965
1610,1613
1610,1614
1610,1615
1610,1616
1610,1617
1610,1618
393,391
393,392
393,394
1139,1136
1139,1137
1139,1138
1638,1635
1638,690
1638,1637
1638,692
1212,1210
1212,1211
1810,1808
1810,1809
1810,1811
1201,168
1201,1203
1201,167
1201,1049
89,88
1142,1143
1142,397
1937,1933
1937,1934
1937,1935
1937,1936
2220,2214
2220,1925
2220,2216
2220,2217
2220,1927
2220,2219
110,105
110,106
110,107
110,108
110,109
793,789
793,790
793,791
793,792
1433,1434
1433,1435
1433,1436
298,291
298,292
298,292
298,294
298,295
298,296
298,297
298,299
1848,382
1848,148
1848,45
105,106
105,107
105,108
105,109
105,110
163,162
686,682
686,154
686,156
686,189
1566,124
1566,1565
1566,1567
400,115
400,399
400,401
400,402
400,403
574,572
574,573
574,575
574,576
574,577
574,578
137,134
137,135
137,136
137,138
137,139
137,140
1790,1789
1790,1791
1790,1792
1790,1793
1790,1794
1790,1795
1790,1796
788,783
788,784
788,785
788,786
788,787
1473,1471
1473,1472
1473,636
1473,1475
732,733
732,376
732,735
732,736
732,249
732,738
1677,1678
1677,1679
1677,1680
2074,2072
2074,2073
2074,2075
2074,2076
720,714
720,115
720,666
720,717
720,717
720,719
85,86
85,87
967,964
967,965
967,663
967,818
927,926
927,928
113,114
113,115
113,116
113,117
113,118
1946,1940
1946,1941
1946,1942
1946,1943
1946,1944
1946,1945
121,119
121,120
121,122
121,123
1563,1562
1356,1351
1356,1352
1356,1353
1356,1354
1356,652
1356,1357
1356,1358
816,817
1997,1993
1997,1994
1997,1995
1997,1996
1997,1998
1997,1999
1997,2000
1997,2001
1997,2002
1997,2003
1997,2004
1997,2005
1997,2006
1997,2007
1299,1297
1299,1298
1299,1300
2,0
2,1
352,341
352,342
352,298
352,344
352,345
352,346
352,347
352,345
352,349
352,350
352,88
352,170
352,354
352,355
352,88
352,357
352,341
352,359
352,360
352,361
352,362
352,359
352,355
352,365
352,366
352,367
352,368
352,369
352,370
5,3
5,4
5,6
5,7
5,8
5,9
5,10
880,881
880,882
880,883
1327,70
1298,1297
1298,1299
1298,1300
153,152
789,790
789,791
789,792
789,793
1588,1587
1588,1589
1588,1590
1588,1027
1588,1592
1588,1593
1588,1025
1588,1595
1588,1285
862,641
862,639
884,885
884,886
318,317
318,319
318,320
318,321
318,322
318,323
318,324
318,325
318,326
318,327
318,328
318,329
318,330
318,331
318,332
318,333
318,334
318,335
318,336
318,337
318,338
318,339
318,340
443,442
443,444
1988,1989
1988,1990
1988,1991
1988,1992
527,401
527,525
527,115
66,65
66,33
912,907
912,908
912,909
912,32
912,911
207,205
207,206
207,208
207,209
207,210
207,211
32,30
32,31
32,33
32,34
32,35
1565,124
1565,1566
1565,1567
1015,1014
1015,1016
517,514
517,515
517,516
2029,2017
2029,2018
2029,2019
2029,2020
2029,2021
2029,2022
2029,2023
2029,2024
2029,2025
2029,2026
2029,2027
2029,2028
2029,2030
2029,2031
2029,2032
1104,1102
1104,1103
1104,1105
751,750
751,752
751,753
1888,1889
1888,1890
1947,1948
1947,1949
1989,1988
1989,1990
1989,1991
1989,1992
133,132
765,111
765,68
765,675
765,766
776,772
776,773
776,774
776,775
776,777
776,778
1917,1918
1917,1919
1917,1920
1917,1921
1670,1664
1670,1665
1670,1666
1670,1667
1670,1668
1670,1669
1670,1671
1670,1672
941,939
941,940
941,472
941,423
459,460
459,461
459,462
459,463
1585,1583
1585,1584
1585,1586
609,608
868,867
1402,1400
1402,1401
1217,1216
1217,1218
1217,1219
1751,1749
1751,1750
1751,625
1751,626
1128,1126
1128,1127
1128,1129
139,134
139,135
139,136
139,137
139,138
139,140
109,105
109,106
109,107
109,108
109,110
2080,2077
2080,2078
2080,2079
2080,2081
952,951
952,349
952,954
952,955
336,317
336,318
336,319
336,320
336,321
336,322
336,323
336,324
336,325
336,326
336,327
336,328
336,329
336,330
336,331
336,332
336,333
336,334
336,335
336,337
336,338
336,339
336,340
1296,1295
2230,2226
2230,2227
2230,2228
2230,2229
745,743
745,115
745,746
745,747
484,482
484,483
484,485
484,486
484,487
562,559
562,560
562,2
562,563
779,780
779,140
779,782
1479,1476
1479,1477
1479,1478
1479,1480
1479,1481
1479,1482
425,422
425,423
425,424
850,849
850,851
850,852
287,136
10,3
10,4
10,5
10,6
10,7
10,8
10,9
823,818
823,819
823,113
823,115
823,747
823,824
369,341
369,342
369,298
369,344
369,345
369,346
369,347
369,345
369,349
369,350
369,88
369,352
369,170
369,354
369,355
369,88
369,357
369,341
369,359
369,360
369,361
369,362
369,359
369,355
369,365
369,366
369,367
369,368
369,370
62,60
62,61
62,63
62,64
687,688
1682,1681
1682,73
325,317
325,318
325,319
325,320
325,321
325,322
325,323
325,324
325,326
325,327
325,328
325,329
325,330
325,331
325,332
325,333
325,334
325,335
325,336
325,337
325,338
325,339
325,340
1926,1925
1926,1927
1926,1928
419,420
419,421
1071,1066
1071,1067
1071,1068
1071,1069
1071,1070
844,843
844,845
844,846
844,244
844,848
1718,1719
1718,14
1718,1721
1207,1206
1207,1208
1207,1209
269,266
269,267
269,268
269,270
269,271
269,272
269,273
269,274
269,110
288,289
288,290
784,783
784,785
784,786
784,787
784,788
1918,1917
1918,1919
1918,1920
1918,1921
587,583
587,584
587,585
587,586
587,588
587,589
587,590
587,591
935,931
935,932
935,933
935,934
935,936
1963,27
1963,115
1963,14
1963,527
1018,1017
1018,1019
1018,1020
1018,1021
1018,1022
1675,1673
1675,794
1675,1676
1617,1339
1617,66
1617,1610
1617,113
1617,965
1617,1613
1617,1614
1617,1615
1617,1616
1617,1618
629,627
629,628
629,630
629,631
1711,1705
1711,1706
1711,1707
1711,1708
1711,1709
1711,1710
2168,2167
2168,2169
114,113
114,115
114,116
114,117
114,118
467,464
467,6
467,466
467,468
1105,1102
1105,1103
1105,1104
1407,1408
1407,967
1407,1410
1407,663
1016,1014
1016,1015
573,572
573,574
573,575
573,576
573,577
573,578
2061,2062
1099,482
1099,1100
2009,2008
434,430
434,431
434,432
434,433
434,435
434,436
2063,2064
1062,1063
1062,1064
1062,1065
460,459
460,461
460,462
460,463
177,173
177,174
177,175
177,176
177,178
1372,1370
1372,1371
1372,1185
1732,1728
1732,1729
1732,1730
1732,1731
1732,1733
1520,1515
1520,1516
1520,1517
1520,1518
1520,1519
1520,1521
1520,1522
1746,1407
1746,1744
1746,1175
1746,1747
1746,1748
404,405
404,376
404,407
404,408
404,72
404,410
404,411
230,231
230,232
230,120
230,234
230,235
230,236
1721,1718
1721,1719
1721,14
1290,1289
801,678
801,798
801,799
801,800
414,415
414,416
414,417
414,115
1450,1451
1450,1452
1822,1823
1822,1824
1948,1947
1948,1949
206,205
206,207
206,208
206,209
206,210
206,211
238,237
238,239
238,240
238,241
238,242
238,243
334,317
334,318
334,319
334,320
334,321
334,322
334,323
334,324
334,325
334,326
334,327
334,328
334,329
334,330
334,331
334,332
334,333
334,335
334,336
334,337
334,338
334,339
334,340
331,317
331,318
331,319
331,320
331,321
331,322
331,323
331,324
331,325
331,326
331,327
331,328
331,329
331,330
331,332
331,333
331,334
331,335
331,336
331,337
331,338
331,339
331,340
826,825
826,827
826,828
826,829
1096,1094
1096,1095
1096,1097
923,924
923,925
521,520
521,522
521,523
851,849
851,850
851,852
1324,1325
1324,1326
828,825
828,826
828,827
828,829
2169,2167
2169,2168
2223,2176
2223,2222
2223,2224
2223,2225
1529,1525
1529,1526
1529,1527
1529,1528
1112,1111
1112,1113
1112,1114
1112,1115
641,639
641,640
641,282
196,197
196,198
196,199
196,200
1736,1592
1736,1595
1736,1285
1736,1738
1266,648
1266,1263
1266,1264
1266,1265
1266,1267
1266,1268
1266,1269
768,767
768,769
768,770
768,771
314,312
314,313
314,315
314,316
374,371
374,15
374,373
374,375
374,376
374,377
374,378
374,379
374,380
374,381
374,382
374,383
374,384
374,385
815,813
815,814
1742,1741
1287,1286
1287,1288
1631,1632
1973,1972
29,27
29,14
1041,1039
1041,1040
1041,1042
1041,1043
1041,1044
2228,2226
2228,2227
2228,2229
2228,2230
627,628
627,629
627,630
627,631
539,535
539,536
539,537
539,538
141,32
141,31
141,144
141,145
495,491
495,492
495,493
495,494
1220,115
1220,1222
1340,1341
1340,1342
1340,1343
1340,1344
681,405
681,680
1602,1601
1602,1603
1602,1604
26,24
26,25
697,696
697,698
697,699
261,259
261,260
261,262
2050,2051
2050,2052
2050,2053
2050,2054
195,192
195,193
195,194
17,16
17,18
2047,2044
2047,2045
2047,2046
2047,2048
2047,1987
1859,690
214,212
214,213
1117,1116
1117,1118
1643,1640
1643,710
1643,1642
1942,1940
1942,1941
1942,1943
1942,1944
1942,1945
1942,1946
1316,1311
1316,1312
1316,198
1316,1314
1316,1315
620,618
620,619
276,277
276,278
276,279
276,280
2092,2090
2092,2091
2092,283
2092,551
992,988
992,670
992,829
992,401
1883,1878
1883,1879
1883,1880
1883,1881
1883,1882
237,238
237,239
237,240
237,241
237,242
237,243
437,438
437,439
437,440
437,441
856,853
856,854
856,855
1977,1976
1977,1978
1977,1979
159,160
159,161
507,359
507,508
825,826
825,827
825,828
825,829
417,414
417,415
417,416
417,115
1719,1718
1719,14
1719,1721
2159,2157
2159,885
2159,2160
308,305
308,306
308,307
308,309
308,310
308,311
2006,1993
2006,1994
2006,1995
2006,1996
2006,1997
2006,1998
2006,1999
2006,2000
2006,2001
2006,2002
2006,2003
2006,2004
2006,2005
2006,2007
1706,1705
1706,1707
1706,1708
1706,1709
1706,1710
1706,1711
583,584
583,585
583,586
583,587
583,588
583,589
583,590
583,591
922,920
922,921
648,646
648,42
648,649
648,650
648,651
1191,1190
1191,975
1191,1193
1191,1194
1191,540
1191,1196
886,884
886,885
1240,996
1240,1242
1240,1243
1240,1244
549,140
549,551
472,201
472,202
472,204
472,203
975,976
975,977
975,978
975,914
1203,1201
1203,168
1203,167
1203,1049
1516,1515
1516,1517
1516,1518
1516,1519
1516,1520
1516,1521
1516,1522
1567,124
1567,1565
1567,1566
1436,1433
1436,1434
1436,1435
843,844
843,845
843,846
843,244
843,848
428,426
428,427
428,429
919,918
1126,1127
1126,1128
1126,1129
2130,219
2130,220
2130,2133
2130,221
412,413
384,371
384,15
384,373
384,374
384,375
384,376
384,377
384,378
384,379
384,380
384,381
384,382
384,383
384,385
234,230
234,231
234,232
234,120
234,235
234,236
1419,1418
1419,216
1419,1421
1419,1422
1419,1423
1419,1424
1419,1425
1419,793
1419,1427
330,317
330,318
330,319
330,320
330,321
330,322
330,323
330,324
330,325
330,326
330,327
330,328
330,329
330,331
330,332
330,333
330,334
330,335
330,336
330,337
330,338
330,339
330,340
2224,2176
2224,2222
2224,2223
2224,2225
677,678
1471,1472
1471,1473
1471,636
1471,1475
786,783
786,784
786,785
786,787
786,788
1958,1952
1958,1953
1958,118
1958,1239
1958,1171
1958,1957
1958,1959
977,975
977,976
977,978
977,914
63,60
63,61
63,62
63,64
882,880
882,881
882,883
337,317
337,318
337,319
337,320
337,321
337,322
337,323
337,324
337,325
337,326
337,327
337,328
337,329
337,330
337,331
337,332
337,333
337,334
337,335
337,336
337,338
337,339
337,340
1526,1525
1526,1527
1526,1528
1526,1529
1136,1137
1136,1138
1136,1139
2177,2174
2177,2175
2177,2176
747,743
747,115
747,745
747,746
1634,1633
108,105
108,106
108,107
108,109
108,110
1787,1782
1787,1783
1787,1784
1787,1541
1787,1786
1787,1788
2062,2061
579,571
579,581
579,582
1245,1246
1245,1247
1245,1248
1245,1249
1245,1250
1428,1429
1428,1430
1428,1431
1428,1432
130,129
130,131
790,789
790,791
790,792
790,793
480,479
480,481
209,205
209,206
209,207
209,208
209,210
209,211
957,956
957,958
957,959
1073,341
1073,530
1037,1038
1049,167
1049,168
1049,1047
1049,1048
955,951
955,952
955,349
955,954
537,535
537,536
537,538
537,539
819,818
819,113
819,115
819,747
819,823
819,824
1555,1553
1555,6
1555,466
307,305
307,306
307,308
307,309
307,310
307,311
965,964
965,663
965,967
965,818
1044,1039
1044,1040
1044,1041
1044,1042
1044,1043
858,726
858,859
514,515
514,516
514,517
612,610
612,611
612,613
46,47
46,48
46,49
46,50
46,51
46,52
759,758
759,760
759,761
1511,710
1511,1513
1511,1514
1667,1664
1667,1665
1667,1666
1667,1668
1667,1669
1667,1670
1667,1671
1667,1672
2143,2142
2143,2144
2020,2017
2020,2018
2020,2019
2020,2021
2020,2022
2020,2023
2020,2024
2020,2025
2020,2026
2020,2027
2020,2028
2020,2029
2020,2030
2020,2031
2020,2032
890,887
890,888
890,889
890,891
890,892
875,874
875,876
875,877
875,878
875,223
1741,1742
291,292
291,292
291,294
291,295
291,296
291,297
291,298
291,299
1078,710
1078,1080
1078,978
1078,1082
1078,564
319,317
319,318
319,320
319,321
319,322
319,323
319,324
319,325
319,326
319,327
319,328
319,329
319,330
319,331
319,332
319,333
319,334
319,335
319,336
319,337
319,338
319,339
319,340
740,739
740,741
740,742
382,371
382,15
382,373
382,374
382,375
382,376
382,377
382,378
382,379
382,380
382,381
382,383
382,384
382,385
908,907
908,909
908,32
908,911
908,912
753,750
753,751
753,752
900,899
900,641
1661,1632
1661,675
1661,568
1661,1663
796,794
796,747
360,341
360,342
360,298
360,344
360,345
360,346
360,347
360,345
360,349
360,350
360,88
360,352
360,170
360,354
360,355
360,88
360,357
360,341
360,359
360,361
360,362
360,359
360,355
360,365
360,366
360,367
360,368
360,369
360,370
2190,2189
2190,2191
2190,2192
2190,2193
1622,266
1622,1623
1622,274
1447,1442
1447,121
1447,120
1447,122
1447,1446
1447,1448
1447,1449
240,237
240,238
240,239
240,241
240,242
240,243
64,60
64,61
64,62
64,63
523,520
523,521
523,522
448,449
448,450
448,451
1768,1769
1768,1770
1421,1418
1421,1419
1421,216
1421,1422
1421,1423
1421,1424
1421,1425
1421,793
1421,1427
1708,1705
1708,1706
1708,1707
1708,1709
1708,1710
1708,1711
1242,1240
1242,996
1242,1243
1242,1244
321,317
321,318
321,319
321,320
321,322
321,323
321,324
321,325
321,326
321,327
321,328
321,329
321,330
321,331
321,332
321,333
321,334
321,335
321,336
321,337
321,338
321,339
321,340
1522,1515
1522,1516
1522,1517
1522,1518
1522,1519
1522,1520
1522,1521
936,931
936,932
936,933
936,934
936,935
585,583
585,584
585,586
585,587
585,588
585,589
585,590
585,591
1716,115
1716,665
1716,747
1716,1715
1716,1717
1357,1351
1357,1352
1357,1353
1357,1354
1357,652
1357,1356
1357,1358
1811,1808
1811,1809
1811,1810
59,58
323,317
323,318
323,319
323,320
323,321
323,322
323,324
323,325
323,326
323,327
323,328
323,329
323,330
323,331
323,332
323,333
323,334
323,335
323,336
323,337
323,338
323,339
323,340
1151,1148
1151,1149
1151,1150
1151,1152
1129,1126
1129,1127
1129,1128
1143,1142
1143,397
586,583
586,584
586,585
586,587
586,588
586,589
586,590
586,591
749,748
1666,1664
1666,1665
1666,1667
1666,1668
1666,1669
1666,1670
1666,1671
1666,1672
708,709
708,710
708,652
708,712
708,543
1413,1412
1413,1414
1413,1415
1413,1416
1413,1417
226,222
226,223
226,224
226,225
2042,2040
2042,2041
2042,2043
1722,253
1722,255
1294,1291
1294,1292
1294,1293
2197,2194
2197,221
2197,219
998,996
998,997
998,999
998,1000
998,1001
1922,1595
1922,1924
746,743
746,115
746,745
746,747
615,401
615,616
422,423
422,424
422,425
628,627
628,629
628,630
628,631
2142,2143
2142,2144
1440,1437
1440,796
1440,1439
1440,1441
653,652
653,654
653,655
1075,41
1075,1077
1160,1158
1160,1159
1882,1878
1882,1879
1882,1880
1882,1881
1882,1883
55,53
55,54
55,56
55,57
2064,2063
255,253
255,254
1951,1950
1374,52
1374,1376
1374,45
669,665
669,666
669,667
669,466
792,789
792,790
792,791
792,793
1910,1907
1910,1908
1910,1909
1910,1911
1990,1988
1990,1989
1990,1991
1990,1992
56,53
56,54
56,55
56,57
97,96
97,98
97,99
97,100
97,101
97,102
97,103
97,104
1541,1539
1541,1540
2150,2145
2150,2040
2150,2147
2150,2148
2150,2149
2150,2151
2150,2152
1043,1039
1043,1040
1043,1041
1043,1042
1043,1044
440,437
440,438
440,439
440,441
1482,1476
1482,1477
1482,1478
1482,1479
1482,1480
1482,1481
1668,1664
1668,1665
1668,1666
1668,1667
1668,1669
1668,1670
1668,1671
1668,1672
1976,1977
1976,1978
1976,1979
1237,1234
1237,1235
1237,1236
1237,1238
1237,1239
1527,1525
1527,1526
1527,1528
1527,1529
1218,1216
1218,1217
1218,1219
534,531
534,532
534,533
458,454
458,455
458,456
458,457
1877,1875
1877,125
2008,2009
259,260
259,261
259,262
1857,1856
1857,1248
283,281
283,282
283,284
283,285
835,115
835,831
835,794
835,747
835,834
835,836
1422,1418
1422,1419
1422,216
1422,1421
1422,1423
1422,1424
1422,1425
1422,793
1422,1427
1915,266
1915,1913
1915,1914
1915,274
872,869
872,870
872,871
872,873
1055,382
1055,115
1055,1057
1055,1058
1730,1728
1730,1729
1730,1731
1730,1732
1730,1733
566,564
566,563
566,68
566,568
136,134
136,135
136,137
136,138
136,139
136,140
1148,1149
1148,1150
1148,1151
1148,1152
913,914
913,915
913,916
913,89
783,784
783,785
783,786
783,787
783,788
266,267
266,268
266,269
266,270
266,271
266,272
266,273
266,274
266,110
1975,1974
1986,1983
1986,1984
1986,1985
1986,1987
115,113
115,114
115,116
115,117
115,118
84,83
695,689
695,690
695,691
695,692
695,693
695,694
733,732
733,376
733,735
733,736
733,249
733,738
2171,2170
2171,2172
2171,2173
172,170
172,171
581,579
581,571
581,582
1000,996
1000,997
1000,998
1000,999
1000,1001
578,572
578,573
578,574
578,575
578,576
578,577
1655,1652
1655,125
1655,1654
1900,896
1900,1898
1900,1899
1900,897
1549,1544
1549,1503
1549,1546
1549,1547
1549,793
964,965
964,663
964,967
964,818
2162,2161
501,500
509,510
509,511
509,472
509,203
554,359
554,553
694,689
694,690
694,691
694,692
694,693
694,695
36,37
36,38
1434,1433
1434,1435
1434,1436
515,514
515,516
515,517
431,430
431,432
431,433
431,434
431,435
431,436
883,880
883,881
883,882
2101,2098
2101,690
2101,691
87,85
87,86
939,940
939,941
939,472
939,423
582,579
582,571
582,581
626,624
626,625
1468,1469
1468,680
780,779
780,140
780,782
1210,1211
1210,1212
1100,482
1100,1099
959,956
959,957
959,958
1453,39
1453,41
1453,40
1453,1457
1453,45
560,559
560,2
560,562
560,563
1495,1493
1495,563
1495,914
1495,1497
1495,467
803,802
803,804
803,805
306,305
306,307
306,308
306,309
306,310
306,311
1646,1314
1646,1645
1646,198
1646,1648
1646,1595
2144,2142
2144,2143
1598,616
1598,1599
1598,964
721,52
721,723
721,45
485,482
485,483
485,484
485,486
485,487
782,779
782,780
782,140
870,869
870,871
870,872
870,873
1593,1587
1593,1588
1593,1589
1593,1590
1593,1027
1593,1592
1593,1025
1593,1595
1593,1285
86,85
86,87
1928,1925
1928,1926
1928,1927
1321,1320
1321,1322
1321,1323
145,141
145,32
145,31
145,144
510,509
510,511
510,472
510,203
736,732
736,733
736,376
736,735
736,249
736,738
236,230
236,231
236,232
236,120
236,234
236,235
1805,1801
1805,1802
1805,1803
1805,1459
1116,1117
1116,1118
1540,1539
1540,1541
1995,1993
1995,1994
1995,1996
1995,1997
1995,1998
1995,1999
1995,2000
1995,2001
1995,2002
1995,2003
1995,2004
1995,2005
1995,2006
1995,2007
227,228
227,229
250,244
250,245
250,246
250,247
250,248
250,249
250,251
250,35
2052,2050
2052,2051
2052,2053
2052,2054
1472,1471
1472,1473
1472,636
1472,1475
577,572
577,573
577,574
577,575
577,576
577,578
971,969
971,970
971,416
971,973
971,974
1485,675
1485,241
1485,240
1974,1975
1166,1161
1166,426
1166,428
1166,427
1166,1165
836,115
836,831
836,794
836,747
836,834
836,835
2151,2145
2151,2040
2151,2147
2151,2148
2151,2149
2151,2150
2151,2152
1042,1039
1042,1040
1042,1041
1042,1043
1042,1044
805,802
805,803
805,804
477,474
477,147
477,476
477,478
849,850
849,851
849,852
1300,1297
1300,1298
1300,1299
2073,2072
2073,2074
2073,2075
2073,2076
690,689
690,691
690,692
690,693
690,694
690,695
1705,1706
1705,1707
1705,1708
1705,1709
1705,1710
1705,1711
571,569
571,570
1040,1039
1040,1041
1040,1042
1040,1043
1040,1044
798,678
798,799
798,800
798,801
324,317
324,318
324,319
324,320
324,321
324,322
324,323
324,325
324,326
324,327
324,328
324,329
324,330
324,331
324,332
324,333
324,334
324,335
324,336
324,337
324,338
324,339
324,340
2018,2017
2018,2019
2018,2020
2018,2021
2018,2022
2018,2023
2018,2024
2018,2025
2018,2026
2018,2027
2018,2028
2018,2029
2018,2030
2018,2031
2018,2032
667,665
667,666
667,466
667,669
970,969
970,971
970,416
970,973
970,974
158,154
158,155
158,156
158,157
281,282
281,283
281,284
281,285
1698,73
1698,1697
771,767
771,768
771,769
771,770
433,430
433,431
433,432
433,434
433,435
433,436
2194,221
2194,219
2194,2197
1589,1587
1589,1588
1589,1590
1589,1027
1589,1592
1589,1593
1589,1025
1589,1595
1589,1285
846,843
846,844
846,845
846,244
846,848
423,422
423,424
423,425
354,341
354,342
354,298
354,344
354,345
354,346
354,347
354,345
354,349
354,350
354,88
354,352
354,170
354,355
354,88
354,357
354,341
354,359
354,360
354,361
354,362
354,359
354,355
354,365
354,366
354,367
354,368
354,369
354,370
1795,1789
1795,1790
1795,1791
1795,1792
1795,1793
1795,1794
1795,1796
973,969
973,970
973,971
973,416
973,974
426,427
426,428
426,429
1515,1516
1515,1517
1515,1518
1515,1519
1515,1520
1515,1521
1515,1522
1441,1437
1441,796
1441,1439
1441,1440
1414,1412
1414,1413
1414,1415
1414,1416
1414,1417
618,619
618,620
1640,710
1640,1642
1640,1643
2007,1993
2007,1994
2007,1995
2007,1996
2007,1997
2007,1998
2007,1999
2007,2000
2007,2001
2007,2002
2007,2003
2007,2004
2007,2005
2007,2006
1984,1983
1984,1985
1984,1986
1984,1987
1773,1771
1773,30
1773,35
1740,1739
1630,714
1630,1626
1630,4
1630,836
1630,1629
1637,1635
1637,690
1637,1638
1637,692
845,843
845,844
845,846
845,244
845,848
743,115
743,745
743,746
743,747
152,153
2115,2110
2115,2111
2115,2112
2115,2113
2115,204
2115,2116
2085,2082
2085,690
2085,2084
1895,1893
1895,1894
1895,1896
1214,1213
1214,461
61,60
61,62
61,63
61,64
1880,1878
1880,1879
1880,1881
1880,1882
1880,1883
1466,1023
131,129
131,130
2155,696
2155,699
2155,698
1665,1664
1665,1666
1665,1667
1665,1668
1665,1669
1665,1670
1665,1671
1665,1672
1861,3
1861,1863
1861,115
1861,1865
285,281
285,282
285,283
285,284
468,464
468,6
468,466
468,467
2012,1281
2012,2011
2012,2013
2012,2014
2012,2015
2012,1025
1127,1126
1127,1128
1127,1129
391,392
391,393
391,394
772,773
772,774
772,775
772,776
772,777
772,778
1604,1601
1604,1602
1604,1603
1199,880
1199,1198
1199,1200
43,39
43,40
43,41
43,42
43,44
43,45
854,853
854,855
854,856
1728,1729
1728,1730
1728,1731
1728,1732
1728,1733
1200,880
1200,1198
1200,1199
451,448
451,449
451,450
1244,1240
1244,996
1244,1242
1244,1243
1863,1861
1863,3
1863,115
1863,1865
88,89
1941,1940
1941,1942
1941,1943
1941,1944
1941,1945
1941,1946
1222,1220
1222,115
1949,1947
1949,1948
584,583
584,585
584,586
584,587
584,588
584,589
584,590
584,591
766,111
766,68
766,675
766,765
1331,1329
1331,479
1331,1332
220,218
220,219
220,221
296,291
296,292
296,292
296,294
296,295
296,297
296,298
296,299
1807,1806
1150,1148
1150,1149
1150,1151
1150,1152
1430,1428
1430,1429
1430,1431
1430,1432
205,206
205,207
205,208
205,209
205,210
205,211
2175,2174
2175,2176
2175,2177
349,341
349,342
349,298
349,344
349,345
349,346
349,347
349,345
349,350
349,88
349,352
349,170
349,354
349,355
349,88
349,357
349,341
349,359
349,360
349,361
349,362
349,359
349,355
349,365
349,366
349,367
349,368
349,369
349,370
1478,1476
1478,1477
1478,1479
1478,1480
1478,1481
1478,1482
211,205
211,206
211,207
211,208
211,209
211,210
1872,382
1872,148
1872,1848
1872,45
1285,1281
1285,1282
1285,1025
1285,1284
2127,639
2127,641
2127,2129
2139,1286
2139,1288
2139,1287
1731,1728
1731,1729
1731,1730
1731,1732
1731,1733
1308,1307
1308,1309
1308,578
455,454
455,456
455,457
455,458
752,750
752,751
752,753
444,442
444,443
504,503
504,505
1748,1407
1748,1744
1748,1175
1748,1746
1748,1747
297,291
297,292
297,292
297,294
297,295
297,296
297,298
297,299
1758,382
1758,809
1758,736
1758,738
1672,1664
1672,1665
1672,1666
1672,1667
1672,1668
1672,1669
1672,1670
1672,1671
2051,2050
2051,2052
2051,2053
2051,2054
814,813
814,815
530,88
530,529
1903,1902
1903,1904
1903,1905
1903,1906
2222,2176
2222,2223
2222,2224
2222,2225
202,201
202,203
202,204
1613,1339
1613,66
1613,1610
1613,113
1613,965
1613,1614
1613,1615
1613,1616
1613,1617
1613,1618
438,437
438,439
438,440
438,441
1394,1393
1394,936
1307,1308
1307,1309
1307,578
1431,1428
1431,1429
1431,1430
1431,1432
436,430
436,431
436,432
436,433
436,434
436,435
1875,125
1875,1877
1089,850
1089,851
1089,852
1089,582
2048,2044
2048,2045
2048,2046
2048,2047
2048,1987
1323,1320
1323,1321
1323,1322
479,480
479,481
1134,1130
1134,1131
1134,1132
1134,1133
1134,1135
149,146
149,147
149,148
149,31
149,151
99,96
99,97
99,98
99,100
99,101
99,102
99,103
99,104
2111,2110
2111,2112
2111,2113
2111,204
2111,2115
2111,2116
229,227
229,228
1869,1866
1869,1867
1869,1868
1176,1171
1176,1172
1176,1173
1176,944
1176,1175
2217,2214
2217,1925
2217,2216
2217,1927
2217,2219
2217,2220
2059,1381
2059,1382
2059,140
2059,1383
2059,2060
1826,1825
625,624
625,626
1953,1952
1953,118
1953,1239
1953,1171
1953,1957
1953,1958
1953,1959
2069,2070
2069,182
608,609
874,875
874,876
874,877
874,878
874,223
911,907
911,908
911,909
911,32
911,912
430,431
430,432
430,433
430,434
430,435
430,436
1132,1130
1132,1131
1132,1133
1132,1134
1132,1135
1048,167
1048,168
1048,1047
1048,1049
2004,1993
2004,1994
2004,1995
2004,1996
2004,1997
2004,1998
2004,1999
2004,2000
2004,2001
2004,2002
2004,2003
2004,2005
2004,2006
2004,2007
13,14
13,15
767,768
767,769
767,770
767,771
1369,196
1369,1367
1369,199
1738,1592
1738,1595
1738,1736
1738,1285
741,739
741,740
741,742
1606,1605
1606,1607
2214,1925
2214,2216
2214,2217
2214,1927
2214,2219
2214,2220
962,30
962,961
962,35
385,371
385,15
385,373
385,374
385,375
385,376
385,377
385,378
385,379
385,380
385,381
385,382
385,383
385,384
1435,1433
1435,1434
1435,1436
1505,362
1505,1181
1505,352
1945,1940
1945,1941
1945,1942
1945,1943
1945,1944
1945,1946
657,170
657,349
657,359
982,980
982,31
982,392
982,32
982,985
1008,476
1008,1007
1008,1009
1697,73
1697,1698
18,16
18,17
976,975
976,977
976,978
976,914
1412,1413
1412,1414
1412,1415
1412,1416
1412,1417
395,396
395,397
543,540
543,541
543,542
1614,1339
1614,66
1614,1610
1614,113
1614,965
1614,1613
1614,1615
1614,1616
1614,1617
1614,1618
1158,1159
1158,1160
665,666
665,667
665,466
665,669
1824,1822
1824,1823
570,569
570,571
6,3
6,4
6,5
6,7
6,8
6,9
6,10
2079,2077
2079,2078
2079,2080
2079,2081
1571,382
1571,652
1571,1574
1868,1866
1868,1867
1868,1869
488,489
488,89
750,751
750,752
750,753
1111,1112
1111,1113
1111,1114
1111,1115
1481,1476
1481,1477
1481,1478
1481,1479
1481,1480
1481,1482
1224,1223
1224,1225
1224,1226
2225,2176
2225,2222
2225,2223
2225,2224
1009,476
1009,1007
1009,1008
1530,633
1530,1181
1530,634
157,154
157,155
157,156
157,158
1077,1075
1077,41
1599,616
1599,1598
1599,964
1026,1024
1026,1025
1026,1027
1297,1298
1297,1299
1297,1300
1113,1111
1113,1112
1113,1114
1113,1115
1733,1728
1733,1729
1733,1730
1733,1731
1733,1732
1469,1468
1469,680
770,767
770,768
770,769
770,771
670,671
670,540
670,0
670,6
670,675
670,466
1983,1984
1983,1985
1983,1986
1983,1987
637,635
637,636
341,342
341,298
341,344
341,345
341,346
341,347
341,345
341,349
341,350
341,88
341,352
341,170
341,354
341,355
341,88
341,357
341,359
341,360
341,361
341,362
341,359
341,355
341,365
341,366
341,367
341,368
341,369
341,370
1972,1973
1944,1940
1944,1941
1944,1942
1944,1943
1944,1945
1944,1946
1314,1311
1314,1312
1314,198
1314,1315
1314,1316
2046,2044
2046,2045
2046,2047
2046,2048
2046,1987
1346,1345
1346,359
806,807
852,849
852,850
852,851
60,61
60,62
60,63
60,64
791,789
791,790
791,792
791,793
1727,1725
1727,1726
335,317
335,318
335,319
335,320
335,321
335,322
335,323
335,324
335,325
335,326
335,327
335,328
335,329
335,330
335,331
335,332
335,333
335,334
335,336
335,337
335,338
335,339
335,340
161,159
161,160
58,59
1063,1062
1063,1064
1063,1065
2023,2017
2023,2018
2023,2019
2023,2020
2023,2021
2023,2022
2023,2024
2023,2025
2023,2026
2023,2027
2023,2028
2023,2029
2023,2030
2023,2031
2023,2032
800,678
800,798
800,799
800,801
944,914
944,35
944,947
332,317
332,318
332,319
332,320
332,321
332,322
332,323
332,324
332,325
332,326
332,327
332,328
332,329
332,330
332,331
332,333
332,334
332,335
332,336
332,337
332,338
332,339
332,340
232,230
232,231
232,120
232,234
232,235
232,236
1551,1550
1551,1552
146,147
146,148
146,149
146,31
146,151
450,448
450,449
450,451
181,180
181,182
181,183
181,184
181,185
2005,1993
2005,1994
2005,1995
2005,1996
2005,1997
2005,1998
2005,1999
2005,2000
2005,2001
2005,2002
2005,2003
2005,2004
2005,2006
2005,2007
33,30
33,31
33,32
33,34
33,35
14,13
14,15
371,15
371,373
371,374
371,375
371,376
371,377
371,378
371,379
371,380
371,381
371,382
371,383
371,384
371,385
1364,1365
1293,1291
1293,1292
1293,1294
2123,2121
2123,887
2123,2124
2123,890
2191,2189
2191,2190
2191,2192
2191,2193
1189,537
1189,539
1189,1188
1388,1050
1388,1390
1388,829
1388,1392
415,414
415,416
415,417
415,115
2164,670
2164,976
2164,2166
1408,1407
1408,967
1408,1410
1408,663
203,201
203,202
203,204
1107,186
1107,154
1107,156
1107,190
476,474
476,147
476,477
476,478
897,896
897,898
1750,1749
1750,1751
1750,625
1750,626
1365,1364
2053,2050
2053,2051
2053,2052
2053,2054
710,708
710,709
710,652
710,712
710,543
1392,1388
1392,1050
1392,1390
1392,829
905,688
1992,1988
1992,1989
1992,1990
1992,1991
654,652
654,653
654,655
2229,2226
2229,2227
2229,2228
2229,2230
1007,476
1007,1008
1007,1009
1828,675
1828,1829
1828,1830
1828,1831
1938,1939
1269,648
1269,1263
1269,1264
1269,1265
1269,1266
1269,1267
1269,1268
408,404
408,405
408,376
408,407
408,72
408,410
408,411
339,317
339,318
339,319
339,320
339,321
339,322
339,323
339,324
339,325
339,326
339,327
339,328
339,329
339,330
339,331
339,332
339,333
339,334
339,335
339,336
339,337
339,338
339,340
454,455
454,456
454,457
454,458
278,276
278,277
278,279
278,280
727,725
727,726
727,728
1934,1933
1934,1935
1934,1936
1934,1937
1681,1682
1681,73
186,154
186,156
186,189
186,190
186,191
838,491
838,492
838,493
838,494
838,495
2192,2189
2192,2190
2192,2191
2192,2193
635,636
635,637
635,637
2160,2157
2160,885
2160,2159
1933,1934
1933,1935
1933,1936
1933,1937
401,115
401,399
401,400
401,402
401,403
1027,1024
1027,1025
1027,1026
1014,1015
1014,1016
487,482
487,483
487,484
487,485
487,486
370,341
370,342
370,298
370,344
370,345
370,346
370,347
370,345
370,349
370,350
370,88
370,352
370,170
370,354
370,355
370,88
370,357
370,341
370,359
370,360
370,361
370,362
370,359
370,355
370,365
370,366
370,367
370,368
370,369
411,404
411,405
411,376
411,407
411,408
411,72
411,410
1765,1055
1765,1764
1855,1854
689,690
689,691
689,692
689,693
689,694
689,695
1050,1051
1050,1052
1050,1053
164,165
164,166
1390,1388
1390,1050
1390,829
1390,1392
636,635
636,637
636,637
182,180
182,181
182,183
182,184
182,185
613,610
613,611
613,612
666,665
666,667
666,466
666,669
500,501
865,863
865,864
865,866
365,341
365,342
365,298
365,344
365,345
365,346
365,347
365,345
365,349
365,350
365,88
365,352
365,170
365,354
365,355
365,88
365,357
365,341
365,359
365,360
365,361
365,362
365,359
365,355
365,366
365,367
365,368
365,369
365,370
127,128
545,219
545,546
545,218
545,221
1305,1306
2017,2018
2017,2019
2017,2020
2017,2021
2017,2022
2017,2023
2017,2024
2017,2025
2017,2026
2017,2027
2017,2028
2017,2029
2017,2030
2017,2031
2017,2032
1457,1453
1457,39
1457,41
1457,40
1457,45
518,519
1645,1314
1645,1646
1645,198
1645,1648
1645,1595
1829,675
1829,1828
1829,1830
1829,1831
739,740
739,741
739,742
1881,1878
1881,1879
1881,1880
1881,1882
1881,1883
1978,1976
1978,1977
1978,1979
2182,2178
2182,1540
2182,1541
2182,2068
1382,1381
1382,1383
1382,140
610,611
610,612
610,613
194,192
194,193
194,195
328,317
328,318
328,319
328,320
328,321
328,322
328,323
328,324
328,325
328,326
328,327
328,329
328,330
328,331
328,332
328,333
328,334
328,335
328,336
328,337
328,338
328,339
328,340
898,896
898,897
350,341
350,342
350,298
350,344
350,345
350,346
350,347
350,345
350,349
350,88
350,352
350,170
350,354
350,355
350,88
350,357
350,341
350,359
350,360
350,361
350,362
350,359
350,355
350,365
350,366
350,367
350,368
350,369
350,370
907,908
907,909
907,32
907,911
907,912
1123,170
1123,1073
1123,530
1497,1493
1497,563
1497,1495
1497,914
1497,467
190,186
190,154
190,156
190,189
190,191
75,73
75,74
373,371
373,15
373,374
373,375
373,376
373,377
373,378
373,379
373,380
373,381
373,382
373,383
373,384
373,385
208,205
208,206
208,207
208,209
208,210
208,211
1866,1867
1866,1868
1866,1869
104,96
104,97
104,98
104,99
104,100
104,101
104,102
104,103
2157,885
2157,2159
2157,2160
1260,411
1260,1255
1260,1256
1260,1257
1260,489
1260,733
1260,401
728,725
728,726
728,727
1351,1352
1351,1353
1351,1354
1351,652
1351,1356
1351,1357
1351,1358
342,341
342,298
342,344
342,345
342,346
342,347
342,345
342,349
342,350
342,88
342,352
342,170
342,354
342,355
342,88
342,357
342,341
342,359
342,360
342,361
342,362
342,359
342,355
342,365
342,366
342,367
342,368
342,369
342,370
1487,1488
1487,1489
1152,1148
1152,1149
1152,1150
1152,1151
1939,1938
1619,1185
302,300
302,301
302,303
302,304
333,317
333,318
333,319
333,320
333,321
333,322
333,323
333,324
333,325
333,326
333,327
333,328
333,329
333,330
333,331
333,332
333,334
333,335
333,336
333,337
333,338
333,339
333,340
2187,2183
2187,2184
2187,2185
2187,2186
2187,2188
2084,2082
2084,690
2084,2085
2091,2090
2091,2092
2091,283
2091,551
300,301
300,302
300,303
300,304
1615,1339
1615,66
1615,1610
1615,113
1615,965
1615,1613
1615,1614
1615,1616
1615,1617
1615,1618
1051,1050
1051,1052
1051,1053
218,219
218,220
218,221
338,317
338,318
338,319
338,320
338,321
338,322
338,323
338,324
338,325
338,326
338,327
338,328
338,329
338,330
338,331
338,332
338,333
338,334
338,335
338,336
338,337
338,339
338,340
651,646
651,42
651,648
651,649
651,650
540,541
540,542
540,543
1097,1094
1097,1095
1097,1096
79,76
79,77
79,78
79,80
79,81
79,82
1906,1902
1906,1903
1906,1904
1906,1905
1508,1509
1508,1510
125,124
125,126
2110,2111
2110,2112
2110,2113
2110,204
2110,2115
2110,2116
1280,405
1280,237
1280,416
1280,1277
1280,451
1280,1191
54,53
54,55
54,56
54,57
508,359
508,507
937,938
189,186
189,154
189,156
189,190
189,191
785,783
785,784
785,786
785,787
785,788
1501,1499
1501,1500
1501,1502
1501,1503
1208,1206
1208,1207
1208,1209
1700,1699
1700,241
1700,41
1700,710
1700,970
102,96
102,97
102,98
102,99
102,100
102,101
102,103
102,104
542,540
542,541
542,543
555,556
555,557
555,558
1676,1673
1676,794
1676,1675
738,732
738,733
738,376
738,735
738,736
738,249
2148,2145
2148,2040
2148,2147
2148,2149
2148,2150
2148,2151
2148,2152
775,772
775,773
775,774
775,776
775,777
775,778
111,0
1717,115
1717,665
1717,747
1717,1715
1717,1716
2032,2017
2032,2018
2032,2019
2032,2020
2032,2021
2032,2022
2032,2023
2032,2024
2032,2025
2032,2026
2032,2027
2032,2028
2032,2029
2032,2030
2032,2031
1837,1832
1837,1833
1837,1834
1837,298
1837,529
2183,2184
2183,2185
2183,2186
2183,2187
2183,2188
2024,2017
2024,2018
2024,2019
2024,2020
2024,2021
2024,2022
2024,2023
2024,2025
2024,2026
2024,2027
2024,2028
2024,2029
2024,2030
2024,2031
2024,2032
1329,479
1329,1331
1329,1332
154,155
154,156
154,157
154,158
8,3
8,4
8,5
8,6
8,7
8,9
8,10
1175,1171
1175,1172
1175,1173
1175,944
1175,1176
1792,1789
1792,1790
1792,1791
1792,1793
1792,1794
1792,1795
1792,1796
185,180
185,181
185,182
185,183
185,184
1500,1499
1500,1501
1500,1502
1500,1503
53,54
53,55
53,56
53,57
869,870
869,871
869,872
869,873
1404,1403
1404,1405
1404,1406
201,202
201,203
201,204
376,371
376,15
376,373
376,374
376,375
376,377
376,378
376,379
376,380
376,381
376,382
376,383
376,384
376,385
611,610
611,612
611,613
1490,1491
1490,1492
247,244
247,245
247,246
247,248
247,249
247,250
247,251
247,35
881,880
881,882
881,883
312,313
312,314
312,315
312,316
538,535
538,536
538,537
538,539
2041,2040
2041,2042
2041,2043
2014,1281
2014,2011
2014,2012
2014,2013
2014,2015
2014,1025
1932,1929
1932,1930
1932,1931
1524,1523
246,244
246,245
246,247
246,248
246,249
246,250
246,251
246,35
225,222
225,223
225,224
225,226
1446,1442
1446,121
1446,120
1446,122
1446,1447
1446,1448
1446,1449
804,802
804,803
804,805
253,254
253,255
1425,1418
1425,1419
1425,216
1425,1421
1425,1422
1425,1423
1425,1424
1425,793
1425,1427
1671,1664
1671,1665
1671,1666
1671,1667
1671,1668
1671,1669
1671,1670
1671,1672
222,223
222,224
222,225
222,226
1036,1031
1036,1032
1036,1033
1036,1034
1036,787
303,300
303,301
303,302
303,304
2045,2044
2045,2046
2045,2047
2045,2048
2045,1987
128,127
165,164
165,166
1830,675
1830,1828
1830,1829
1830,1831
1652,125
1652,1654
1652,1655
541,540
541,542
541,543
807,806
378,371
378,15
378,373
378,374
378,375
378,376
378,377
378,379
378,380
378,381
378,382
378,383
378,384
378,385
107,105
107,106
107,108
107,109
107,110
649,646
649,42
649,648
649,650
649,651
1343,1340
1343,1341
1343,1342
1343,1344
1370,1371
1370,1372
1370,1185
1587,1588
1587,1589
1587,1590
1587,1027
1587,1592
1587,1593
1587,1025
1587,1595
1587,1285
1663,1632
1663,675
1663,1661
1663,568
661,124
661,125
2113,2110
2113,2111
2113,2112
2113,204
2113,2115
2113,2116
1449,1442
1449,121
1449,120
1449,122
1449,1446
1449,1447
1449,1448
925,923
925,924
1306,1305
151,146
151,147
151,148
151,149
151,31
402,115
402,399
402,400
402,401
402,403
375,371
375,15
375,373
375,374
375,376
375,377
375,378
375,379
375,380
375,381
375,382
375,383
375,384
375,385
463,459
463,460
463,461
463,462
1172,1171
1172,1173
1172,944
1172,1175
1172,1176
951,952
951,349
951,954
951,955
244,245
244,246
244,247
244,248
244,249
244,250
244,251
244,35
427,426
427,428
427,429
1194,1190
1194,1191
1194,975
1194,1193
1194,540
1194,1196
78,76
78,77
78,79
78,80
78,81
78,82
1032,1031
1032,1033
1032,1034
1032,787
1032,1036
251,244
251,245
251,246
251,247
251,248
251,249
251,250
251,35
891,887
891,888
891,889
891,890
891,892
1320,1321
1320,1322
1320,1323
1544,1503
1544,1546
1544,1547
1544,793
1544,1549
1371,1370
1371,1372
1371,1185
1146,349
1146,172
1852,615
1852,15
1852,1853
682,154
682,156
682,189
682,686
1998,1993
1998,1994
1998,1995
1998,1996
1998,1997
1998,1999
1998,2000
1998,2001
1998,2002
1998,2003
1998,2004
1998,2005
1998,2006
1998,2007
1618,1339
1618,66
1618,1610
1618,113
1618,965
1618,1613
1618,1614
1618,1615
1618,1616
1618,1617
1284,1281
1284,1282
1284,1025
1284,1285
295,291
295,292
295,292
295,294
295,296
295,297
295,298
295,299
1528,1525
1528,1526
1528,1527
1528,1529
1025,1024
1025,1026
1025,1027
1059,1060
1059,1061
2003,1993
2003,1994
2003,1995
2003,1996
2003,1997
2003,1998
2003,1999
2003,2000
2003,2001
2003,2002
2003,2004
2003,2005
2003,2006
2003,2007
622,115
622,623
1118,1116
1118,1117
193,192
193,194
193,195
357,341
357,342
357,298
357,344
357,345
357,346
357,347
357,345
357,349
357,350
357,88
357,352
357,170
357,354
357,355
357,88
357,341
357,359
357,360
357,361
357,362
357,359
357,355
357,365
357,366
357,367
357,368
357,369
357,370
709,708
709,710
709,652
709,712
709,543
2070,2069
2070,182
2227,2226
2227,2228
2227,2229
2227,2230
407,404
407,405
407,376
407,408
407,72
407,410
407,411
1890,1888
1890,1889
956,957
956,958
956,959
1381,1382
1381,1383
1381,140
1022,1017
1022,1018
1022,1019
1022,1020
1022,1021
1925,1926
1925,1927
1925,1928
486,482
486,483
486,484
486,485
486,487
606,607
818,819
818,113
818,115
818,747
818,823
818,824
1865,1861
1865,3
1865,1863
1865,115
2149,2145
2149,2040
2149,2147
2149,2148
2149,2150
2149,2151
2149,2152
754,633
754,756
754,634
294,291
294,292
294,292
294,295
294,296
294,297
294,298
294,299
2108,1880
2108,1986
2108,2109
2098,690
2098,691
2098,2101
389,298
389,388
389,32
1424,1418
1424,1419
1424,216
1424,1421
1424,1422
1424,1423
1424,1425
1424,793
1424,1427
2087,2086
2087,2088
2087,1350
655,652
655,653
655,654
1503,1499
1503,1500
1503,1501
1503,1502
1064,1062
1064,1063
1064,1065
969,970
969,971
969,416
969,973
969,974
522,520
522,521
522,523
896,897
896,898
310,305
310,306
310,307
310,308
310,309
310,311
168,167
168,169
1817,1816
1159,1158
1159,1160
301,300
301,302
301,303
301,304
589,583
589,584
589,585
589,586
589,587
589,588
589,590
589,591
1193,1190
1193,1191
1193,975
1193,1194
1193,540
1193,1196
1376,1374
1376,52
1376,45
1777,488
1777,1776
1777,1778
123,119
123,120
123,121
123,122
106,105
106,107
106,108
106,109
106,110
1509,1508
1509,1510
1891,626
2210,1381
2210,1382
2210,2212
2210,140
1664,1665
1664,1666
1664,1667
1664,1668
1664,1669
1664,1670
1664,1671
1664,1672
184,180
184,181
184,182
184,183
184,185
256,257
256,258
271,266
271,267
271,268
271,269
271,270
271,272
271,273
271,274
271,110
1595,1587
1595,1588
1595,1589
1595,1590
1595,1027
1595,1592
1595,1593
1595,1025
1595,1285
1957,1952
1957,1953
1957,118
1957,1239
1957,1171
1957,1958
1957,1959
1832,1833
1832,1834
1832,298
1832,529
1832,1837
1476,1477
1476,1478
1476,1479
1476,1480
1476,1481
1476,1482
1853,615
1853,15
1853,1852
1914,266
1914,1913
1914,1915
1914,274
1601,1602
1601,1603
1601,1604
169,167
169,168
1184,1185
170,171
170,172
37,36
37,38
166,164
166,165
1878,1879
1878,1880
1878,1881
1878,1882
1878,1883
317,318
317,319
317,320
317,321
317,322
317,323
317,324
317,325
317,326
317,327
317,328
317,329
317,330
317,331
317,332
317,333
317,334
317,335
317,336
317,337
317,338
317,339
317,340
1552,1550
1552,1551
197,196
197,198
197,199
197,200
40,39
40,41
40,42
40,43
40,44
40,45
72,68
72,69
72,70
72,71
1629,714
1629,1626
1629,4
1629,836
1629,1630
1603,1601
1603,1602
1603,1604
996,997
996,998
996,999
996,1000
996,1001
616,401
616,615
616,615
1256,411
1256,1255
1256,1257
1256,489
1256,733
1256,1260
1256,401
1911,1907
1911,1908
1911,1909
1911,1910
1921,1917
1921,1918
1921,1919
1921,1920
1523,1524
50,46
50,47
50,48
50,49
50,51
50,52
902,903
902,904
48,46
48,47
48,49
48,50
48,51
48,52
1979,1976
1979,1977
1979,1978
696,697
696,698
696,699
623,115
623,622
1809,1808
1809,1810
1809,1811
921,920
921,922
748,749
1686,794
1686,478
1686,964
1686,1374
267,266
267,268
267,269
267,270
267,271
267,272
267,273
267,274
267,110
1669,1664
1669,1665
1669,1666
1669,1667
1669,1668
1669,1670
1669,1671
1669,1672
1161,426
1161,428
1161,427
1161,1165
1161,1166
699,696
699,697
699,698
1167,1168
1167,1169
1167,1170
1291,1292
1291,1293
1291,1294
1452,1450
1452,1451
3,4
3,5
3,6
3,7
3,8
3,9
3,10
1385,1386
1385,1387
368,341
368,342
368,298
368,344
368,345
368,346
368,347
368,345
368,349
368,350
368,88
368,352
368,170
368,354
368,355
368,88
368,357
368,341
368,359
368,360
368,361
368,362
368,359
368,355
368,365
368,366
368,367
368,369
368,370
2001,1993
2001,1994
2001,1995
2001,1996
2001,1997
2001,1998
2001,1999
2001,2000
2001,2002
2001,2003
2001,2004
2001,2005
2001,2006
2001,2007
974,969
974,970
974,971
974,416
974,973
223,222
223,224
223,225
223,226
1248,1245
1248,1246
1248,1247
1248,1249
1248,1250
2081,2077
2081,2078
2081,2079
2081,2080
958,956
958,957
958,959
1477,1476
1477,1478
1477,1479
1477,1480
1477,1481
1477,1482
262,259
262,260
262,261
221,218
221,219
221,220
416,414
416,415
416,417
416,115
394,391
394,392
394,393
1519,1515
1519,1516
1519,1517
1519,1518
1519,1520
1519,1521
1519,1522
516,514
516,515
516,517
1510,1508
1510,1509
1893,1894
1893,1895
1893,1896
794,747
794,796
1359,978
1359,1078
1359,564
1359,15
1169,1167
1169,1168
1169,1170
1295,1296
346,341
346,342
346,298
346,344
346,345
346,347
346,345
346,349
346,350
346,88
346,352
346,170
346,354
346,355
346,88
346,357
346,341
346,359
346,360
346,361
346,362
346,359
346,355
346,365
346,366
346,367
346,368
346,369
346,370
1996,1993
1996,1994
1996,1995
1996,1997
1996,1998
1996,1999
1996,2000
1996,2001
1996,2002
1996,2003
1996,2004
1996,2005
1996,2006
1996,2007
773,772
773,774
773,775
773,776
773,777
773,778
1940,1941
1940,1942
1940,1943
1940,1944
1940,1945
1940,1946
928,926
928,927
243,237
243,238
243,239
243,240
243,241
243,242
723,721
723,52
723,45
1052,1050
1052,1051
1052,1053
1156,1157
167,168
167,169
71,68
71,69
71,70
71,72
212,213
212,214
1003,1002
1003,1004
1003,1005
39,40
39,41
39,42
39,43
39,44
39,45
1535,391
1535,247
1535,844
1535,244
1235,1234
1235,1236
1235,1237
1235,1238
1235,1239
1267,648
1267,1263
1267,1264
1267,1265
1267,1266
1267,1268
1267,1269
1138,1136
1138,1137
1138,1139
1252,710
1252,525
466,464
466,6
466,467
466,468
439,437
439,438
439,440
439,441
2173,2170
2173,2171
2173,2172
1521,1515
1521,1516
1521,1517
1521,1518
1521,1519
1521,1520
1521,1522
68,69
68,70
68,71
68,72
116,113
116,114
116,115
116,117
116,118
1383,1381
1383,1382
1383,140
1277,405
1277,237
1277,416
1277,451
1277,1191
1277,1280
799,678
799,798
799,800
799,801
1130,1131
1130,1132
1130,1133
1130,1134
1130,1135
1491,1490
1491,1492
1788,1782
1788,1783
1788,1784
1788,1541
1788,1786
1788,1787
1749,1750
1749,1751
1749,625
1749,626
729,349
729,359
135,134
135,136
135,137
135,138
135,139
135,140
1250,1245
1250,1246
1250,1247
1250,1248
1250,1249
461,459
461,460
461,462
461,463
1894,1893
1894,1895
1894,1896
949,948
949,950
2176,2174
2176,2175
2176,2177
1726,1725
1726,1727
1353,1351
1353,1352
1353,1354
1353,652
1353,1356
1353,1357
1353,1358
1459,678
1459,710
1459,1462
1459,1462
1459,717
1459,525
1398,213
1398,212
1398,214
1115,1111
1115,1112
1115,1113
1115,1114
588,583
588,584
588,585
588,586
588,587
588,589
588,590
588,591
101,96
101,97
101,98
101,99
101,100
101,102
101,103
101,104
1994,1993
1994,1995
1994,1996
1994,1997
1994,1998
1994,1999
1994,2000
1994,2001
1994,2002
1994,2003
1994,2004
1994,2005
1994,2006
1994,2007
652,653
652,654
652,655
45,39
45,40
45,41
45,42
45,43
45,44
1590,1587
1590,1588
1590,1589
1590,1027
1590,1592
1590,1593
1590,1025
1590,1595
1590,1285
2000,1993
2000,1994
2000,1995
2000,1996
2000,1997
2000,1998
2000,1999
2000,2001
2000,2002
2000,2003
2000,2004
2000,2005
2000,2006
2000,2007
2120,2119
2031,2017
2031,2018
2031,2019
2031,2020
2031,2021
2031,2022
2031,2023
2031,2024
2031,2025
2031,2026
2031,2027
2031,2028
2031,2029
2031,2030
2031,2032
1069,1066
1069,1067
1069,1068
1069,1070
1069,1071
938,937
405,404
405,376
405,407
405,408
405,72
405,410
405,411
1034,1031
1034,1032
1034,1033
1034,787
1034,1036
817,816
678,677
1417,1412
1417,1413
1417,1414
1417,1415
1417,1416
2117,2118
1019,1017
1019,1018
1019,1020
1019,1021
1019,1022
1808,1809
1808,1810
1808,1811
494,491
494,492
494,493
494,495
362,341
362,342
362,298
362,344
362,345
362,346
362,347
362,345
362,349
362,350
362,88
362,352
362,170
362,354
362,355
362,88
362,357
362,341
362,359
362,360
362,361
362,359
362,355
362,365
362,366
362,367
362,368
362,369
362,370
456,454
456,455
456,457
456,458
693,689
693,690
693,691
693,692
693,694
693,695
1168,1167
1168,1169
1168,1170
1586,1583
1586,1584
1586,1585
449,448
449,450
449,451
1344,1340
1344,1341
1344,1342
1344,1343
424,422
424,423
424,425
1103,1102
1103,1104
1103,1105
1255,411
1255,1256
1255,1257
1255,489
1255,733
1255,1260
1255,401
525,401
525,115
525,527
100,96
100,97
100,98
100,99
100,101
100,102
100,103
100,104
9,3
9,4
9,5
9,6
9,7
9,8
9,10
829,825
829,826
829,827
829,828
1514,1511
1514,710
1514,1513
1439,1437
1439,796
1439,1440
1439,1441
918,919
496,421
496,498
496,362
863,864
863,865
863,866
1225,1223
1225,1224
1225,1226
1583,1584
1583,1585
1583,1586
65,66
65,33
915,913
915,914
915,916
915,89
873,869
873,870
873,871
873,872
1120,1119
1120,33
948,949
948,950
1182,1179
1182,1180
1182,1181
1182,352
82,76
82,77
82,78
82,79
82,80
82,81
2212,1381
2212,2210
2212,1382
2212,140
213,212
213,214
1418,1419
1418,216
1418,1421
1418,1422
1418,1423
1418,1424
1418,1425
1418,793
1418,1427
1170,1167
1170,1168
1170,1169
429,426
429,427
429,428
1001,996
1001,997
1001,998
1001,999
1001,1000
1437,796
1437,1439
1437,1440
1437,1441
1794,1789
1794,1790
1794,1791
1794,1792
1794,1793
1794,1795
1794,1796
12,11
263,26
263,25
2188,2183
2188,2184
2188,2185
2188,2186
2188,2187
2216,2214
2216,1925
2216,2217
2216,1927
2216,2219
2216,2220
392,391
392,393
392,394
2118,2117
93,68
93,69
93,71
93,70
93,72
1216,1217
1216,1218
1216,1219
1502,1499
1502,1500
1502,1501
1502,1503
44,39
44,40
44,41
44,42
44,43
44,45
1789,1790
1789,1791
1789,1792
1789,1793
1789,1794
1789,1795
1789,1796
1312,1311
1312,198
1312,1314
1312,1315
1312,1316
1987,1983
1987,1984
1987,1985
1987,1986
761,758
761,759
761,760
1211,1210
1211,1212
1488,1487
1488,1489
355,341
355,342
355,298
355,344
355,345
355,346
355,347
355,345
355,349
355,350
355,88
355,352
355,170
355,354
355,88
355,357
355,341
355,359
355,360
355,361
355,362
355,359
355,365
355,366
355,367
355,368
355,369
355,370
1012,1010
1012,1011
1012,1013
1802,1801
1802,1803
1802,1459
1802,1805
1931,1929
1931,1930
1931,1932
134,135
134,136
134,137
134,138
134,139
134,140
289,288
289,290
1985,1983
1985,1984
1985,1986
1985,1987
1879,1878
1879,1880
1879,1881
1879,1882
1879,1883
1238,1234
1238,1235
1238,1236
1238,1237
1238,1239
899,900
899,641
1149,1148
1149,1150
1149,1151
1149,1152
619,618
619,620
1410,1407
1410,1408
1410,967
1410,663
511,509
511,510
511,472
511,203
887,888
887,889
887,890
887,891
887,892
827,825
827,826
827,828
827,829
1268,648
1268,1263
1268,1264
1268,1265
1268,1266
1268,1267
1268,1269
698,696
698,697
698,699
248,244
248,245
248,246
248,247
248,249
248,250
248,251
248,35
556,555
556,557
556,558
520,521
520,522
520,523
1177,461
132,133
926,927
926,928
1642,1640
1642,710
1642,1643
2145,2040
2145,2147
2145,2148
2145,2149
2145,2150
2145,2151
2145,2152
1196,1190
1196,1191
1196,975
1196,1193
1196,1194
1196,540
1311,1312
1311,198
1311,1314
1311,1315
1311,1316
878,874
878,875
878,876
878,877
878,223
183,180
183,181
183,182
183,184
183,185
272,266
272,267
272,268
272,269
272,270
272,271
272,273
272,274
272,110
2013,1281
2013,2011
2013,2012
2013,2014
2013,2015
2013,1025
924,923
924,925
985,980
985,31
985,982
985,392
985,32
1480,1476
1480,1477
1480,1478
1480,1479
1480,1481
1480,1482
1475,1471
1475,1472
1475,1473
1475,636
311,305
311,306
311,307
311,308
311,309
311,310
1415,1412
1415,1413
1415,1414
1415,1416
1415,1417
1249,1245
1249,1246
1249,1247
1249,1248
1249,1250
31,30
31,32
31,33
31,34
31,35
498,496
498,421
498,362
273,266
273,267
273,268
273,269
273,270
273,271
273,272
273,274
273,110
1650,606
282,281
282,283
282,284
282,285
492,491
492,493
492,494
492,495
2136,129
2136,131
929,930
742,739
742,740
742,741
2072,2073
2072,2074
2072,2075
2072,2076
1171,1172
1171,1173
1171,944
1171,1175
1171,1176
1584,1583
1584,1585
1584,1586
1679,1677
1679,1678
1679,1680
933,931
933,932
933,934
933,935
933,936
1744,1407
1744,1175
1744,1746
1744,1747
1744,1748
2199,2189
2199,140
2199,2190
1345,1346
1345,359
712,708
712,709
712,710
712,652
712,543
217,215
217,216
558,555
558,556
558,557
988,670
988,829
988,401
988,992
688,687
1095,1094
1095,1096
1095,1097
758,759
758,760
758,761
2167,2168
2167,2169
1188,537
1188,539
1188,1189
692,689
692,690
692,691
692,693
692,694
692,695
313,312
313,314
313,315
313,316
1060,1059
1060,1061
1068,1066
1068,1067
1068,1069
1068,1070
1068,1071
380,371
380,15
380,373
380,374
380,375
380,376
380,377
380,378
380,379
380,381
380,382
380,383
380,384
380,385
1776,488
1776,1777
1776,1778
932,931
932,933
932,934
932,935
932,936
2075,2072
2075,2073
2075,2074
2075,2076
559,560
559,2
559,562
559,563
1626,714
1626,4
1626,836
1626,1629
1626,1630
876,874
876,875
876,877
876,878
876,223
1635,690
1635,1637
1635,1638
1635,692
1769,1768
1769,1770
1607,1605
1607,1606
1173,1171
1173,1172
1173,944
1173,1175
1173,1176
1219,1216
1219,1217
1219,1218
2078,2077
2078,2079
2078,2080
2078,2081
462,459
462,460
462,461
462,463
1005,1002
1005,1003
1005,1004
954,951
954,952
954,349
954,955
1066,1067
1066,1068
1066,1069
1066,1070
1066,1071
322,317
322,318
322,319
322,320
322,321
322,323
322,324
322,325
322,326
322,327
322,328
322,329
322,330
322,331
322,332
322,333
322,334
322,335
322,336
322,337
322,338
322,339
322,340
2054,2050
2054,2051
2054,2052
2054,2053
1820,1821
1206,1207
1206,1208
1206,1209
199,196
199,197
199,198
199,200
1325,1324
1325,1326
2121,887
2121,2123
2121,2124
2121,890
1013,1010
1013,1011
1013,1012
575,572
575,573
575,574
575,576
575,577
575,578
1517,1515
1517,1516
1517,1518
1517,1519
1517,1520
1517,1521
1517,1522
1904,1902
1904,1903
1904,1905
1904,1906
30,31
30,32
30,33
30,34
30,35
1427,1418
1427,1419
1427,216
1427,1421
1427,1422
1427,1423
1427,1424
1427,1425
1427,793
2147,2145
2147,2040
2147,2148
2147,2149
2147,2150
2147,2151
2147,2152
249,244
249,245
249,246
249,247
249,248
249,250
249,251
249,35
180,181
180,182
180,183
180,184
180,185
1234,1235
1234,1236
1234,1237
1234,1238
1234,1239
216,215
216,217
903,902
903,904
1739,1740
824,818
824,819
824,113
824,115
824,747
824,823
1854,1855
947,944
947,914
947,35
174,173
174,175
174,176
174,177
174,178
235,230
235,231
235,232
235,120
235,234
235,236
1282,1281
1282,1025
1282,1284
1282,1285
1401,1400
1401,1402
2025,2017
2025,2018
2025,2019
2025,2020
2025,2021
2025,2022
2025,2023
2025,2024
2025,2026
2025,2027
2025,2028
2025,2029
2025,2030
2025,2031
2025,2032
1770,1768
1770,1769
1271,35
1271,30
1271,244
2193,2189
2193,2190
2193,2191
2193,2192
1281,1282
1281,1025
1281,1284
1281,1285
551,549
551,140
909,907
909,908
909,32
909,911
909,912
361,341
361,342
361,298
361,344
361,345
361,346
361,347
361,345
361,349
361,350
361,88
361,352
361,170
361,354
361,355
361,88
361,357
361,341
361,359
361,360
361,362
361,359
361,355
361,365
361,366
361,367
361,368
361,369
361,370
239,237
239,238
239,240
239,241
239,242
239,243
277,276
277,278
277,279
277,280
1322,1320
1322,1321
1322,1323
1673,794
1673,1675
1673,1676
1350,1348
1350,1349
1004,1002
1004,1003
1004,1005
1165,1161
1165,426
1165,428
1165,427
1165,1166
80,76
80,77
80,78
80,79
80,81
80,82
1065,1062
1065,1063
1065,1064
1131,1130
1131,1132
1131,1133
1131,1134
1131,1135
1263,648
1263,1264
1263,1265
1263,1266
1263,1267
1263,1268
1263,1269
980,31
980,982
980,392
980,32
980,985
171,170
171,172
2112,2110
2112,2111
2112,2113
2112,204
2112,2115
2112,2116
1315,1311
1315,1312
1315,198
1315,1314
1315,1316
2129,639
2129,2127
2129,641
1999,1993
1999,1994
1999,1995
1999,1996
1999,1997
1999,1998
1999,2000
1999,2001
1999,2002
1999,2003
1999,2004
1999,2005
1999,2006
1999,2007
77,76
77,78
77,79
77,80
77,81
77,82
1352,1351
1352,1353
1352,1354
1352,652
1352,1356
1352,1357
1352,1358
1725,1726
1725,1727
2076,2072
2076,2073
2076,2074
2076,2075
802,803
802,804
802,805
1406,1403
1406,1404
1406,1405
329,317
329,318
329,319
329,320
329,321
329,322
329,323
329,324
329,325
329,326
329,327
329,328
329,330
329,331
329,332
329,333
329,334
329,335
329,336
329,337
329,338
329,339
329,340
38,36
38,37
1898,896
1898,1899
1898,1900
1898,897
20,19
21,22
21,23
2086,2087
2086,2088
2086,1350
96,97
96,98
96,99
96,100
96,101
96,102
96,103
96,104
1358,1351
1358,1352
1358,1353
1358,1354
1358,652
1358,1356
1358,1357
1927,1925
1927,1926
1927,1928
1289,1290
940,939
940,941
940,472
940,423
646,42
646,648
646,649
646,650
646,651
1243,1240
1243,996
1243,1242
1243,1244
563,559
563,560
563,2
563,562
1935,1933
1935,1934
1935,1936
1935,1937
1198,880
1198,1199
1198,1200
126,124
126,125
192,193
192,194
192,195
809,732
809,382
809,736
809,738
1133,1130
1133,1131
1133,1132
1133,1134
1133,1135
242,237
242,238
242,239
242,240
242,241
242,243
848,843
848,844
848,845
848,846
848,244
1592,1587
1592,1588
1592,1589
1592,1590
1592,1027
1592,1593
1592,1025
1592,1595
1592,1285
2152,2145
2152,2040
2152,2147
2152,2148
2152,2149
2152,2150
2152,2151
148,146
148,147
148,149
148,31
148,151
1559,1557
1559,1558
1559,1560
1559,1561
316,312
316,313
316,314
316,315
774,772
774,773
774,775
774,776
774,777
774,778
769,767
769,768
769,770
769,771
191,186
191,154
191,156
191,189
191,190
1929,1930
1929,1931
1929,1932
1058,382
1058,1055
1058,115
1058,1057
1499,1500
1499,1501
1499,1502
1499,1503
1518,1515
1518,1516
1518,1517
1518,1519
1518,1520
1518,1521
1518,1522
367,341
367,342
367,298
367,344
367,345
367,346
367,347
367,345
367,349
367,350
367,88
367,352
367,170
367,354
367,355
367,88
367,357
367,341
367,359
367,360
367,361
367,362
367,359
367,355
367,365
367,366
367,368
367,369
367,370
1024,1025
1024,1026
1024,1027
590,583
590,584
590,585
590,586
590,587
590,588
590,589
590,591
464,6
464,466
464,467
464,468
2065,1540
2065,1541
2065,2068
1264,648
1264,1263
1264,1265
1264,1266
1264,1267
1264,1268
1264,1269
347,341
347,342
347,298
347,344
347,345
347,346
347,345
347,349
347,350
347,88
347,352
347,170
347,354
347,355
347,88
347,357
347,341
347,359
347,360
347,361
347,362
347,359
347,355
347,365
347,366
347,367
347,368
347,369
347,370
270,266
270,267
270,268
270,269
270,271
270,272
270,273
270,274
270,110
2021,2017
2021,2018
2021,2019
2021,2020
2021,2022
2021,2023
2021,2024
2021,2025
2021,2026
2021,2027
2021,2028
2021,2029
2021,2030
2021,2031
2021,2032
1907,1908
1907,1909
1907,1910
1907,1911
2028,2017
2028,2018
2028,2019
2028,2020
2028,2021
2028,2022
2028,2023
2028,2024
2028,2025
2028,2026
2028,2027
2028,2029
2028,2030
2028,2031
2028,2032
1354,1351
1354,1352
1354,1353
1354,652
1354,1356
1354,1357
1354,1358
19,20
1982,1980
1982,1561
51,46
51,47
51,48
51,49
51,50
51,52
505,503
505,504
1180,1179
1180,1181
1180,1182
1180,352
1226,1223
1226,1224
1226,1225
1920,1917
1920,1918
1920,1919
1920,1921
1980,1561
1980,1982
831,115
831,794
831,747
831,834
831,835
831,836
1539,1540
1539,1541
624,625
624,626
2166,670
2166,2164
2166,976
1562,1563
1605,1606
1605,1607
22,21
22,23
1952,1953
1952,118
1952,1239
1952,1171
1952,1957
1952,1958
1952,1959
664,663
633,632
633,634
1332,1329
1332,479
1332,1331
997,996
997,998
997,999
997,1000
997,1001
853,854
853,855
853,856
503,504
503,505
403,115
403,399
403,400
403,401
403,402
1654,1652
1654,125
1654,1655
452,171
1991,1988
1991,1989
1991,1990
1991,1992
210,205
210,206
210,207
210,208
210,209
210,211
725,726
725,727
725,728
1031,1032
1031,1033
1031,1034
1031,787
1031,1036
0,1
0,2
1061,1059
1061,1060
1791,1789
1791,1790
1791,1792
1791,1793
1791,1794
1791,1795
1791,1796
1823,1822
1823,1824
978,975
978,976
978,977
978,914
2233,2226
2233,2230
69,68
69,70
69,71
69,72
1039,1040
1039,1041
1039,1042
1039,1043
1039,1044
1233,405
1038,1037
74,73
74,75
2022,2017
2022,2018
2022,2019
2022,2020
2022,2021
2022,2023
2022,2024
2022,2025
2022,2026
2022,2027
2022,2028
2022,2029
2022,2030
2022,2031
2022,2032
2077,2078
2077,2079
2077,2080
2077,2081
1831,675
1831,1828
1831,1829
1831,1830
315,312
315,313
315,314
315,316
914,913
914,915
914,916
914,89
1699,1700
1699,241
1699,41
1699,710
1699,970
1002,1003
1002,1004
1002,1005
388,298
388,389
388,32
1029,27
1029,14
572,573
572,574
572,575
572,576
572,577
572,578
2040,2041
2040,2042
2040,2043
1936,1933
1936,1934
1936,1935
1936,1937
1896,1893
1896,1894
1896,1895
2219,2214
2219,1925
2219,2216
2219,2217
2219,1927
2219,2220
2011,1281
2011,2012
2011,2013
2011,2014
2011,2015
2011,1025
920,921
920,922
1715,115
1715,665
1715,747
1715,1716
1715,1717
2027,2017
2027,2018
2027,2019
2027,2020
2027,2021
2027,2022
2027,2023
2027,2024
2027,2025
2027,2026
2027,2028
2027,2029
2027,2030
2027,2031
2027,2032
258,256
258,257
1856,1857
1856,1248
284,281
284,282
284,283
284,285
2037,1286
2037,1288
2037,1287
1416,1412
1416,1413
1416,1414
1416,1415
1416,1417
4,3
4,5
4,6
4,7
4,8
4,9
4,10
344,341
344,342
344,298
344,345
344,346
344,347
344,345
344,349
344,350
344,88
344,352
344,170
344,354
344,355
344,88
344,357
344,341
344,359
344,360
344,361
344,362
344,359
344,355
344,365
344,366
344,367
344,368
344,369
344,370
1558,1557
1558,1559
1558,1560
1558,1561
140,134
140,135
140,136
140,137
140,138
140,139
1017,1018
1017,1019
1017,1020
1017,1021
1017,1022
129,130
129,131
1632,1631
299,291
299,292
299,292
299,294
299,295
299,296
299,297
299,298
1403,1404
1403,1405
1403,1406
1493,563
1493,1495
1493,914
1493,1497
1493,467
1185,1184
1326,1324
1326,1325
1114,1111
1114,1112
1114,1113
1114,1115
1047,167
1047,168
1047,1048
1047,1049
482,483
482,484
482,485
482,486
482,487
2119,2120
2185,2183
2185,2184
2185,2186
2185,2187
2185,2188
83,84
200,196
200,197
200,198
200,199
1924,1922
1924,1595
1553,6
1553,1555
1553,466
1678,1677
1678,1679
1678,1680
999,996
999,997
999,998
999,1000
999,1001
1710,1705
1710,1706
1710,1707
1710,1708
1710,1709
1710,1711
1102,1103
1102,1104
1102,1105
632,633
632,634
680,405
680,681
1656,341
1656,371
536,535
536,537
536,538
536,539
1179,1180
1179,1181
1179,1182
1179,352
1821,1820
1057,382
1057,1055
1057,115
1057,1058
1782,1783
1782,1784
1782,1541
1782,1786
1782,1787
1782,1788
867,868
2044,2045
2044,2046
2044,2047
2044,2048
2044,1987
1550,1551
1550,1552
1707,1705
1707,1706
1707,1708
1707,1709
1707,1710
1707,1711
366,341
366,342
366,298
366,344
366,345
366,346
366,347
366,345
366,349
366,350
366,88
366,352
366,170
366,354
366,355
366,88
366,357
366,341
366,359
366,360
366,361
366,362
366,359
366,355
366,365
366,367
366,368
366,369
366,370
1806,1807
1971,747
1971,1374
1971,978
1902,1903
1902,1904
1902,1905
1902,1906
650,646
650,42
650,648
650,649
650,651
2002,1993
2002,1994
2002,1995
2002,1996
2002,1997
2002,1998
2002,1999
2002,2000
2002,2001
2002,2003
2002,2004
2002,2005
2002,2006
2002,2007
432,430
432,431
432,433
432,434
432,435
432,436
1793,1789
1793,1790
1793,1791
1793,1792
1793,1794
1793,1795
1793,1796
1020,1017
1020,1018
1020,1019
1020,1021
1020,1022
1286,1287
1286,1288
1648,1314
1648,1645
1648,1646
1648,198
1648,1595
1574,1571
1574,382
1574,652
871,869
871,870
871,872
871,873
1462,1459
1462,678
1462,710
1462,717
1462,525
934,931
934,932
934,933
934,935
934,936
2174,2175
2174,2176
2174,2177
889,887
889,888
889,890
889,891
889,892
1561,1557
1561,1558
1561,1559
1561,1560
1542,1543
474,147
474,476
474,477
474,478
859,726
859,858
2030,2017
2030,2018
2030,2019
2030,2020
2030,2021
2030,2022
2030,2023
2030,2024
2030,2025
2030,2026
2030,2027
2030,2028
2030,2029
2030,2031
2030,2032
27,14
27,29
1709,1705
1709,1706
1709,1707
1709,1708
1709,1710
1709,1711
1913,266
1913,1914
1913,1915
1913,274
280,276
280,277
280,278
280,279
568,564
568,563
568,566
568,68
2133,2130
2133,219
2133,220
2133,221
557,555
557,556
557,558
1429,1428
1429,1430
1429,1431
1429,1432
1771,30
1771,1773
1771,35
70,68
70,69
70,71
70,72
1729,1728
1729,1730
1729,1731
1729,1732
1729,1733
1778,488
1778,1776
1778,1777
1513,1511
1513,710
1513,1514
1909,1907
1909,1908
1909,1910
1909,1911
122,119
122,120
122,121
122,123
1423,1418
1423,1419
1423,216
1423,1421
1423,1422
1423,1424
1423,1425
1423,793
1423,1427
2170,2171
2170,2172
2170,2173
675,670
675,671
675,540
675,0
675,6
675,466
1959,1952
1959,1953
1959,118
1959,1239
1959,1171
1959,1957
1959,1958
1378,149
1378,148
413,412
1905,1902
1905,1903
1905,1904
1905,1906
2088,2086
2088,2087
2088,1350
1339,113
1339,66
1339,965
1341,1340
1341,1342
1341,1343
1341,1344
359,341
359,342
359,298
359,344
359,345
359,346
359,347
359,345
359,349
359,350
359,88
359,352
359,170
359,354
359,355
359,88
359,357
359,341
359,360
359,361
359,362
359,355
359,365
359,366
359,367
359,368
359,369
359,370
345,341
345,342
345,298
345,344
345,346
345,347
345,349
345,350
345,88
345,352
345,170
345,354
345,355
345,88
345,357
345,341
345,359
345,360
345,361
345,362
345,359
345,355
345,365
345,366
345,367
345,368
345,369
345,370
1546,1544
1546,1503
1546,1547
1546,793
1546,1549
1070,1066
1070,1067
1070,1068
1070,1069
1070,1071
421,419
421,420
489,488
489,89
441,437
441,438
441,439
441,440
1816,1817
640,639
640,641
640,282
478,474
478,147
478,476
478,477
813,814
813,815
834,115
834,831
834,794
834,747
834,835
834,836
1803,1801
1803,1802
1803,1459
1803,1805
1889,1888
1889,1890
1623,266
1623,1622
1623,274
1867,1866
1867,1868
1867,1869
327,317
327,318
327,319
327,320
327,321
327,322
327,323
327,324
327,325
327,326
327,328
327,329
327,330
327,331
327,332
327,333
327,334
327,335
327,336
327,337
327,338
327,339
327,340
162,163
1442,121
1442,120
1442,122
1442,1446
1442,1447
1442,1448
1442,1449
778,772
778,773
778,774
778,775
778,776
778,777
1190,1191
1190,975
1190,1193
1190,1194
1190,540
1190,1196
1239,1234
1239,1235
1239,1236
1239,1237
1239,1238
304,300
304,301
304,302
304,303
442,443
442,444
760,758
760,759
760,761
1950,1951
73,74
73,75
1067,1066
1067,1068
1067,1069
1067,1070
1067,1071
1784,1782
1784,1783
1784,1541
1784,1786
1784,1787
1784,1788
204,201
204,202
204,203
24,25
24,26
340,317
340,318
340,319
340,320
340,321
340,322
340,323
340,324
340,325
340,326
340,327
340,328
340,329
340,330
340,331
340,332
340,333
340,334
340,335
340,336
340,337
340,338
340,339
