Id,Label,timeset,componentnumber,degree,Eccentricity,closnesscentrality,harmonicclosnesscentrality,betweenesscentrality
1943,XiwuGu,,0,6,1,1,1,0
1616,V.Vishwanath,,1,10,10,0.191472,0.226468,0.000232
2015,"Maltzahn,Carlos",,2,6,6,0.330508,0.447863,0
228,"Chen,Wenzhi",,3,2,1,1,1,0
1288,"Davis,Kei",,4,4,1,1,1,0
634,Y.I.Eom,,1,5,13,0.117357,0.137131,0.000502
120,DanFeng,,5,15,1,1,1,0.000041
41,Y.Zhu,,1,12,11,0.18572,0.223923,0.003335
1908,"Sreenivas,RavellaC.",,6,4,1,1,1,0
564,S.Wu,,1,8,10,0.191472,0.225848,0.001733
1489,K.Keahey,,7,2,1,1,1,0
1265,L.Jahan,,1,7,13,0.130268,0.151717,0
379,R.Lee,,1,14,9,0.213071,0.2506,0
1492,XingkongMa,,8,2,1,1,1,0
2178,"Du,Congjin",,9,4,2,0.6,0.666667,0
2184,"Lee,Dong-Hwan",,10,5,1,1,1,0
1801,J.He,,1,4,12,0.163912,0.189986,0
11,B.Marks,,11,1,1,1,1,0
866,"Gui,Chao",,12,3,1,1,1,0
144,P.Desnoyers,,1,4,11,0.170426,0.199888,0
630,"Lee,H.",,13,4,1,1,1,0
1386,K.T.Malladi,,14,2,1,1,1,0
1236,V.Talwar,,1,5,12,0.138252,0.156138,0
777,"Zou,Nianjun",,15,6,1,1,1,0
529,H.Eom,,1,6,10,0.164535,0.19942,0.000548
176,"Seo,Euiseong",,16,5,1,1,1,0
76,"Han,Wen-Bing",,17,6,1,1,1,0
961,S.Srikantaiah,,1,3,10,0.171841,0.198215,0
1547,"Dillow,D.A.",,18,5,4,0.5,0.576389,0.000014
569,"Hwang,Yeonseong",,19,2,5,0.357143,0.478333,0
1577,S.Zeng,,1,2,10,0.172902,0.18981,0
42,J.Wang,,1,11,11,0.174487,0.209522,0.003939
268,"Wong,Ping",,20,9,2,0.655172,0.736842,0
257,SoumyaSaha,,21,2,1,1,1,0
735,C.Gao,,1,6,9,0.201866,0.233926,0.000348
2124,HamzaOuarnoughi,,22,4,2,0.666667,0.75,0
1825,H.Nguyen,,23,1,1,1,1,0
1834,G.K.Lockwood,,1,5,11,0.155403,0.193659,0.000014
2043,"Zhou,Yuanyuan",,24,3,2,0.588235,0.65,0
2189,"Nijim,Mais",,25,5,8,0.245509,0.351713,0.000039
1119,K.R.Krish,,1,2,11,0.162958,0.184361,0
1010,"Kim,Taehoon",,26,3,1,1,1,0
931,"Lewis,J.",,27,5,2,0.777778,0.857143,0
16,T.Raynaud,,28,2,1,1,1,0
1919,"Fang,Aiman",,29,4,1,1,1,0
1578,L.Zhu,,1,2,10,0.172902,0.18981,0
377,S.Chang,,1,14,9,0.213071,0.2506,0
1137,"Yuan,LukeJing",,30,3,1,1,1,0
305,G.Hendry,,31,6,1,1,1,0
1786,"Liang,Xiao-Yao",,9,6,2,0.666667,0.75,0
326,Jae-WookLee,,32,23,1,1,1,0
2109,"Li,Xiaoyong",,33,3,3,0.472222,0.539216,0.000021
1209,P.Hofstee,,34,3,1,1,1,0
435,"Lee,Donghee",,35,6,1,1,1,0
1557,"Liu,J.",,36,4,2,0.75,0.833333,0
381,S.Lin,,1,14,9,0.213071,0.2506,0
1080,L.He,,1,5,9,0.209507,0.238976,0.001046
156,"Liu,Fang",,37,11,1,1,1,0.00001
420,W.Yang,,1,2,13,0.116638,0.131232,0
1223,JorgeVeiga,,38,3,1,1,1,0
178,"Maeng,Seungryoul",,16,5,1,1,1,0
916,C.Zhang,,1,4,9,0.19933,0.221444,0
885,YongChen,,39,5,1,1,1,0.000004
1257,Y.Ma,,1,7,8,0.226128,0.257548,0.001599
491,"Roumelis,George",,40,5,1,1,1,0
198,"Jin,Hai",,2,13,4,0.397959,0.547009,0.000197
877,"Li,Qiong",,41,5,2,0.692308,0.777778,0
1783,"Wu,Chen-Tao",,9,6,2,0.666667,0.75,0
1367,"Dong,Mianxiong",,2,3,6,0.237805,0.312393,0
1764,L.Chiu,,1,2,10,0.184998,0.205519,0
1157,SangH.Son,,42,1,1,1,1,0
1800,"Yu,Jia",,2,3,5,0.295455,0.373932,0
52,X.Qin,,1,10,11,0.16545,0.192788,0.002076
245,E.H.Wilson,,1,8,9,0.183571,0.217503,0
2060,"Zhang,Jifu",,25,5,7,0.292857,0.414983,0
290,R.Drost,,43,2,1,1,1,0
279,"Du,Zhenwei",,44,4,1,1,1,0
1053,H.Ogawa,,1,3,14,0.112609,0.125105,0
175,"Kim,Hwanju",,16,5,1,1,1,0
320,Soon-HongAhn,,32,23,1,1,1,0
457,"Milojicic,Dejan",,45,4,1,1,1,0
410,Z.Huo,,1,7,9,0.198747,0.231045,0.000162
756,S.M.Ahn,,1,3,14,0.1051,0.119109,0
254,S.Ebrahimi,,46,2,2,0.75,0.833333,0
546,"Jensen,ChristianS.",,47,4,2,0.642857,0.722222,0
1309,"Nam,YoungJin",,48,3,2,0.6,0.666667,0
1400,"Skourtis,Dimitris",,49,2,1,1,1,0
81,"Li,Da-Gang",,17,6,1,1,1,0
2090,"Xie,Ping",,25,4,5,0.333333,0.396748,0.00008
591,M.Storer,,50,8,1,1,1,0
224,"Huang,Xiaoxia",,41,4,2,0.642857,0.722222,0
535,"Cui,J.",,51,4,2,0.75,0.833333,0
1135,"Huang,Tao",,52,5,1,1,1,0
1930,"Li,Xiuqiao",,53,3,1,1,1,0
47,ShuYin,,1,6,12,0.142217,0.161241,0
607,J.W.Lee,,54,1,2,0.666667,0.75,0
1680,Gong-XuanZhang,,55,3,1,1,1,0
2226,"Zhang,Guangyan",,56,5,1,1,1,0.000001
241,D.Feng,,1,9,12,0.175646,0.212082,0.001148
930,AmbikaPawar,,57,1,1,1,1,0
1246,A.Elias,,58,5,2,0.777778,0.857143,0
231,FangWang,,5,6,2,0.625,0.7,0
1292,"Li,Tie",,59,3,1,1,1,0
1140,"Kotaro,Yoshida",,60,1,2,0.555556,0.6,0
1021,BoLi,,61,5,1,1,1,0
155,"Chen,ZhiGuang",,37,4,2,0.611111,0.681818,0
532,"Zhang,Yong",,62,3,1,1,1,0
663,L.Xiao,,1,7,12,0.16307,0.193479,0.000523
147,P.Huang,,1,9,11,0.183997,0.218518,0.001927
117,S.Atchley,,1,5,11,0.196613,0.240061,0
1796,XubinHe,,63,7,1,1,1,0
1342,"Srimani,P.K.",,64,4,1,1,1,0
2068,"Guo,Minyi",,9,5,2,0.631579,0.708333,0
717,W.Li,,1,7,11,0.207047,0.256857,0.001559
103,"Kombrink,Stefan",,65,8,1,1,1,0
292,K.W.Kim,,1,7,12,0.148472,0.188872,0
2026,P.Kaltstein,,66,15,1,1,1,0
160,"Nanos,Anastassios",,67,2,1,1,1,0
15,Y.Chen,,1,19,8,0.224953,0.269208,0.003088
1387,M.Awasthi,,14,2,1,1,1,0
888,PierreOlivier,,22,5,2,0.727273,0.8125,0
1033,S.Chen,,68,5,2,0.666667,0.75,0
531,"Jiang,Zhiwen",,62,3,1,1,1,0
1833,D.Koo,,1,5,11,0.155403,0.193659,0.000014
1633,"Li,Y.",,69,1,1,1,1,0
950,S.Pallickara,,70,2,1,1,1,0
855,"Gottstein,Robert",,71,3,1,1,1,0
1899,QiangZou,,72,4,2,0.833333,0.9,0
1082,Z.Ke,,1,5,9,0.209507,0.238976,0.001046
481,S.Rubini,,73,2,2,0.625,0.7,0
519,"Yang,Jun-sik",,74,1,1,1,1,0
631,"Chung,E.",,13,4,1,1,1,0
396,"Kon,Joichiro",,60,2,2,0.625,0.7,0
23,"Jiang,Guo-Song",,75,2,1,1,1,0
35,M.Kandemir,,1,20,9,0.207227,0.261645,0.008057
98,"Berger,Holger",,65,8,1,1,1,0
1181,D.Lee,,1,6,11,0.152418,0.189946,0.001996
118,W.Yu,,1,10,11,0.200759,0.250148,0.002661
1393,"Bao,N.",,27,2,2,0.583333,0.642857,0
987,H.Yeom,,1,1,11,0.159517,0.189078,0
2082,"Yang,Tian-ming",,76,3,2,0.555556,0.6,0
892,ArezkiLaga,,22,5,2,0.727273,0.8125,0
493,"Corral,Antonio",,40,5,1,1,1,0
719,L.Yu,,1,5,11,0.201183,0.246085,0.000144
49,JiongXie,,1,6,12,0.142217,0.161241,0
399,G.Fu,,1,5,10,0.205349,0.245152,0
533,"Wang,Jin",,62,3,1,1,1,0
215,"Xu,Q.",,18,2,6,0.292683,0.383333,0
904,"Kandemir,MahmutTaylan",,77,2,1,1,1,0
639,"Wu,Suzhen",,25,6,8,0.218085,0.348461,0.000038
173,"Jo,Heeseung",,16,5,1,1,1,0
787,J.Kang,,68,10,1,1,1,0.000018
1405,"Yang,Y.-S.",,78,3,1,1,1,0
25,"Abdullah,Nibras",,79,3,1,1,1,0
219,"Jin,Peiquan",,47,9,1,1,1,0.000007
1349,"Blas,JavierGarcia",,80,2,2,0.625,0.7,0
309,L.Carloni,,31,6,1,1,1,0
1,P.Lee,,1,2,11,0.155251,0.174866,0
691,"Hua,Yu",,76,8,2,0.681818,0.766667,0.000004
57,H.Homayoun,,81,4,1,1,1,0
1432,L.Orf,,82,4,1,1,1,0
1448,YangZhang,,5,7,2,0.652174,0.733333,0
34,M.Li,,1,5,10,0.187623,0.22347,0
553,H.Roh,,1,2,11,0.151544,0.183959,0
483,X.Jin,,83,5,2,0.777778,0.857143,0
260,SiqiangLuo,,84,3,1,1,1,0
2186,"Lee,Geunhyung",,10,5,1,1,1,0
1525,"Yang,LiangHuai",,85,4,1,1,1,0
1348,"Duro,FranciscoRodrigo",,80,2,2,0.625,0.7,0
124,"Lee,S.",,86,6,2,0.6875,0.772727,0.000017
7,W.Lo,,1,7,11,0.170732,0.202717,0
2019,J.Bernard,,66,15,1,1,1,0
2172,AlsenyDiallo,,87,3,1,1,1,0
1094,"Zhang,Ning",,88,3,1,1,1,0
2116,"Jung,Hyungsoo",,89,6,5,0.392157,0.5425,0
576,"Yang,Ming-Hong",,48,6,2,0.75,0.833333,0
1247,A.P.Ziviani,,58,5,2,0.777778,0.857143,0
726,"Li,Yongkun",,90,5,1,1,1,0.000004
1993,"Schürmann,Felix",,91,14,1,1,1,0
138,"Tang,Zhuo",,25,6,7,0.297101,0.431243,0
383,K.Cheng,,1,14,9,0.213071,0.2506,0
1228,S.T.On,,1,4,11,0.181264,0.212874,0.000591
714,D.Li,,1,8,11,0.201952,0.250462,0.000574
2161,S.Ambareesh,,92,1,1,1,1,0
397,"Yamaguchi,Saneyasu",,60,5,1,1,1,0.000006
864,"Xiong,Nai-xue",,12,3,1,1,1,0
1754,K.Liu,,1,3,11,0.191858,0.225895,0.000287
119,ZhengZhang,,5,4,2,0.576923,0.633333,0
671,M.Lv,,1,6,11,0.177944,0.221378,0.000239
1747,Q.Fang,,1,5,10,0.165106,0.186969,0.000106
274,"Mi,Ningfang",,20,14,2,0.791667,0.868421,0.000025
1543,MuhammedZiyaKomsul,,93,1,1,1,1,0
1303,"Wang,Chunling",,94,3,2,0.8,0.875,0
1213,S.Miyokawa,,95,2,2,0.583333,0.642857,0
1011,"No,Jaechun",,26,3,1,1,1,0
1560,"Wu,K.",,36,4,2,0.75,0.833333,0
1451,"Nussbaum,Lucas",,96,2,1,1,1,0
1610,F.Tessier,,1,10,10,0.191472,0.226468,0.000232
393,L.Qiao,,1,3,12,0.131419,0.148369,0
1139,"Ong,Hong",,30,3,1,1,1,0
1638,"Chen,Jianxi",,76,4,2,0.576923,0.633333,0
1212,H.H.Huang,,97,2,1,1,1,0
1810,"Koh,Kern",,98,3,1,1,1,0
1201,N.S.Islam,,99,4,2,0.7,0.785714,0
89,J.Yang,,1,7,8,0.21374,0.248614,0.011118
1142,"Nakagami,Makoto",,60,2,2,0.625,0.7,0
1937,"Jiang,Z.",,100,4,1,1,1,0
2220,"Sha,EdwinH.-M.",,101,6,2,0.8,0.875,0
110,"Swanson,Steven",,20,14,2,0.791667,0.868421,0.00005
793,"Wang,F.",,18,16,3,0.631579,0.791667,0.000127
1433,S.Padmavathi,,102,3,1,1,1,0
298,J.Lee,,1,35,11,0.173913,0.251448,0.006222
1848,Q.Cao,,1,4,9,0.2125,0.244508,0.00328
105,"Caulfield,AdrianM.",,20,5,3,0.5,0.587719,0
163,"Härder,Theo",,103,1,1,1,1,0
686,"Fu,Yinjin",,37,4,2,0.611111,0.681818,0
1566,"Koh,K.",,86,3,3,0.458333,0.560606,0
400,W.Wang,,1,5,10,0.205349,0.245152,0
574,"Cao,Zhichao",,48,6,2,0.75,0.833333,0
137,"Zhu,Xiaomin",,25,6,7,0.297101,0.431243,0
1790,NorbertPodhorszki,,63,7,1,1,1,0
788,T.Chen,,68,5,2,0.666667,0.75,0
1473,"Jiang,H.",,104,4,2,0.75,0.833333,0
732,C.Ji,,1,7,9,0.201952,0.234976,0.000408
1677,JianGuo,,55,3,1,1,1,0
2074,"Song,Seokil",,105,4,1,1,1,0
720,Q.Yang,,1,5,11,0.201183,0.246085,0.000144
85,F.Chen,,106,2,1,1,1,0
967,L.Ruan,,1,7,12,0.179352,0.216325,0.001138
927,"Lee,Jinhyuk",,107,2,1,1,1,0
113,T.Wang,,1,17,11,0.204643,0.260324,0.002914
1946,KeqinLi,,0,6,1,1,1,0
121,ZhipengTan,,5,9,2,0.714286,0.8,0.000002
1563,M.Z.Komsul,,108,1,1,1,1,0
1356,H.Tseng,,1,7,11,0.160215,0.18587,0
816,"Bai,Shi",,109,1,1,1,1,0
1997,"Gila,Miguel",,91,14,1,1,1,0
1299,"Lee,Doogie",,110,3,1,1,1,0
2,H.Chang,,1,6,10,0.170854,0.195523,0.000499
352,K.Kang,,1,29,10,0.178679,0.247907,0.003509
5,S.Deng,,1,7,11,0.170732,0.202717,0
880,PeiquanJin,,111,6,1,1,1,0.000006
1327,T.Yeh,,1,1,12,0.14087,0.155348,0
1298,"Kim,Jaehyung",,110,3,1,1,1,0
153,Y.Cotronis,,112,1,1,1,1,0
789,"Li,C.",,18,4,4,0.413793,0.506944,0
1588,"Kougkas,Anthony",,2,9,5,0.410526,0.533761,0
862,"Duan,Lide",,25,2,9,0.182222,0.262282,0
884,WeiXie,,39,2,2,0.625,0.7,0
318,Hoe-JuChung,,32,23,1,1,1,0
443,"Wang,Bin",,113,2,1,1,1,0
1988,"Wang,Huibing",,114,4,1,1,1,0
527,C.Xu,,1,4,10,0.209784,0.25135,0.000133
66,S.Byna,,1,10,10,0.184425,0.217286,0.002486
912,C.Yoo,,1,5,11,0.163181,0.191977,0
207,"Zhou,Li",,115,6,1,1,1,0
32,Y.Kim,,1,18,10,0.194603,0.247642,0.006593
1565,"Hyun,S.",,86,3,3,0.458333,0.560606,0
1015,"Liu,Xianhua",,116,2,1,1,1,0
517,"Kant,Krishna",,117,3,1,1,1,0
2029,R.Bellofatto,,66,15,1,1,1,0
1104,"Yang,Guangwen",,118,3,1,1,1,0
751,Nidhi,,119,3,1,1,1,0
1888,H.K.Lee,,120,2,1,1,1,0
1947,G.Amvrosiadis,,121,2,1,1,1,0
1989,"Lin,Mingwei",,114,4,1,1,1,0
133,IoannisPapapanagiotou,,122,1,1,1,1,0
765,X.Gu,,1,4,12,0.163686,0.199098,0.000272
776,"Hu,Zhuang",,15,6,1,1,1,0
1917,"Dun,Nan",,29,4,1,1,1,0
1670,"Bhimani,J.",,123,8,1,1,1,0
941,"Hwang,Soonwook",,89,4,3,0.47619,0.55,0.000013
459,K.Nakashima,,95,4,2,0.7,0.785714,0
1585,Y.Yao,,124,3,1,1,1,0
609,Y.H.Song,,125,1,1,1,1,0
868,"Gibbons,PhillipB.",,126,1,1,1,1,0
1402,"Brandt,Scott",,49,2,1,1,1,0
1217,"Ryu,Junhee",,127,3,1,1,1,0
1751,M.Marazakis,,128,4,2,0.75,0.833333,0
1128,"Gerofi,Balazs",,129,3,1,1,1,0
139,"Li,Kenili",,25,6,7,0.297101,0.431243,0
109,"Coburn,Joel",,20,5,3,0.5,0.587719,0
2080,"Zhang,Jing",,130,4,1,1,1,0
952,M.E.Belviranli,,1,4,11,0.151592,0.18571,0
336,Sae-JangOh,,32,23,1,1,1,0
1296,"Luo,Qiong",,131,1,1,1,1,0
2230,"Zheng,Weimin",,56,5,1,1,1,0.000001
745,ZhaoqingLiu,,1,4,11,0.197592,0.237882,0
484,L.Tao,,83,5,2,0.777778,0.857143,0
562,T.Kuo,,1,4,10,0.162791,0.18155,0
779,"Liu,Jian",,25,3,7,0.288732,0.390592,0
1479,"Chen,L.",,132,6,1,1,1,0
425,"Kee,Yang-suk",,89,3,5,0.285714,0.389167,0
850,"Ahn,Sungyong",,19,4,4,0.434783,0.6,0.000002
287,"Chen,Haiquan",,25,1,8,0.231638,0.295209,0
10,C.Pu,,1,7,11,0.170732,0.202717,0
823,E.H.Sha,,1,6,11,0.202209,0.247282,0.000025
369,K.Kyung,,1,24,10,0.177944,0.241639,0.000071
62,"Li,Ruixuan",,133,4,1,1,1,0
687,HyunchulPark,,134,1,2,0.666667,0.75,0
1682,"Liu,Chien-Yi",,135,2,2,0.6,0.666667,0
325,JinHoKim,,32,23,1,1,1,0
1926,"Li,Jianhua",,101,3,2,0.615385,0.6875,0
419,I.S.Choi,,1,2,13,0.116638,0.131232,0
1071,"Li,Renfa",,136,5,1,1,1,0
844,M.T.Kandemir,,1,6,10,0.156168,0.181419,0.000007
1718,A.Kougkas,,1,3,10,0.169818,0.18783,0
1207,M.Govindaraju,,34,3,1,1,1,0
269,"Artoux,John",,20,9,2,0.655172,0.736842,0
288,Q.Harvard,,43,2,1,1,1,0
784,X.Tang,,68,5,2,0.666667,0.75,0
1918,"Pleiter,Dirk",,29,4,1,1,1,0
587,M.Condict,,50,8,1,1,1,0
935,"Ding,Z.",,27,5,2,0.777778,0.857143,0
1963,C.Huang,,1,4,10,0.202209,0.24304,0.001031
1018,YangyangZhang,,61,5,1,1,1,0
1675,Q.Guan,,1,3,12,0.159839,0.181333,0
1617,J.Liu,,1,10,10,0.191472,0.226468,0.000232
629,"Park,Y.M.",,13,4,1,1,1,0
1711,WeiminZheng,,137,6,1,1,1,0
2168,D.Dai,,138,2,1,1,1,0
114,S.Oral,,1,5,11,0.196613,0.240061,0
467,J.Chen,,1,7,9,0.189566,0.219448,0.002363
1105,"Zhou,Yang",,118,3,1,1,1,0
1407,M.Zhu,,1,8,11,0.16655,0.192952,0.000819
1016,"Cheng,Xu",,116,2,1,1,1,0
573,"Li,Bingzhe",,48,6,2,0.75,0.833333,0
2061,"Zhang,Li",,139,1,1,1,1,0
1099,M.Araya-Polo,,83,2,2,0.583333,0.642857,0
2009,"Park,Chanik",,140,1,1,1,1,0
434,"Choi,Jongmoo",,35,6,1,1,1,0
2063,"Kunkel,Julian",,141,1,1,1,1,0
1062,"Ikken,Sonia",,142,3,1,1,1,0
460,J.Kon,,95,4,2,0.7,0.785714,0
177,"Lee,Joonwon",,16,5,1,1,1,0
1372,Y.Oyama,,143,3,2,0.714286,0.8,0
1732,"Liu,Zhen-Jun",,144,5,1,1,1,0
1520,MichaelK.Bowen,,145,7,1,1,1,0
1746,H.Fu,,1,5,10,0.165106,0.186969,0.000106
404,Z.An,,1,7,9,0.198747,0.231045,0.000162
230,ZhengLi,,5,6,2,0.625,0.7,0
1721,J.Lofstead,,1,3,10,0.169818,0.18783,0
1290,"Fletcher,GeorgeH.L.",,146,1,1,1,1,0
801,L.Yue,,1,4,13,0.14133,0.16114,0
414,R.Fang,,1,4,11,0.197921,0.239518,0
1450,"Saif,Abdulqawi",,96,2,1,1,1,0
1822,R.Jin,,147,2,1,1,1,0
1948,A.Oprea,,121,2,1,1,1,0
206,"Zhang,Jianliang",,115,6,1,1,1,0
238,L.Tian,,1,6,12,0.163799,0.188824,0
334,Nam-SeogKim,,32,23,1,1,1,0
331,So-RaKim,,32,23,1,1,1,0
826,Y.Deng,,1,4,12,0.144505,0.16352,0
1096,"Patel,JigneshM.",,88,3,1,1,1,0
923,"Hsieh,Jen-Wei",,148,2,1,1,1,0
521,H.Espeland,,149,3,1,1,1,0
851,"La,Kwanghyun",,19,4,4,0.434783,0.6,0.000002
1324,"Wu,Chin-Hsien",,150,2,1,1,1,0
828,C.Hu,,1,4,12,0.144505,0.16352,0
2169,F.S.Bao,,138,2,1,1,1,0
2223,"Liao,Wei-Keng",,151,4,2,0.7,0.785714,0
1529,"Stannus,Simon",,85,4,1,1,1,0
1112,LuisCavazosQuero,,152,4,1,1,1,0
641,"Mao,Bo",,25,8,8,0.22043,0.372851,0.000093
196,"Li,Dingding",,2,7,5,0.304688,0.425214,0.000027
1736,"Amritkar,Prathamesh",,2,4,5,0.364486,0.439744,0
1266,H.Xu,,1,7,13,0.130268,0.151717,0
768,TianzhengWang,,153,4,1,1,1,0
314,E.Guthmuller,,154,4,1,1,1,0
374,W.Chan,,1,14,9,0.213071,0.2506,0
815,W.J.Knottenbelt,,155,2,1,1,1,0
1742,"Anggorosesar,Aldhino",,156,1,1,1,1,0
1287,"Jiang,Song",,4,4,1,1,1,0
1631,H.Midorikawa,,1,1,13,0.12616,0.138468,0
1973,BenLee,,157,1,1,1,1,0
29,B.Feng,,1,2,10,0.169757,0.18678,0
1041,Y.Oge,,158,5,1,1,1,0
2228,"Lu,Yu",,56,4,2,0.833333,0.9,0
627,"You,T.",,13,4,1,1,1,0
539,"Wang,Y.",,51,6,1,1,1,0.000002
141,S.Boboila,,1,4,11,0.170426,0.199888,0
495,"Manolopoulos,Yannis",,40,5,1,1,1,0
1220,Y.Fan,,1,2,11,0.191858,0.229016,0
1340,"Xuan,P.",,64,4,1,1,1,0
681,G.Hu,,1,2,10,0.173533,0.194066,0
1602,Y.Baoqun,,159,3,1,1,1,0
26,"Sumari,Putra",,79,3,1,1,1,0
697,"Li,Jing",,160,3,2,0.8,0.875,0
261,JihongGuan,,84,3,1,1,1,0
2050,"Klonatos,Yannis",,161,4,1,1,1,0
195,"Touriño,Juan",,162,3,1,1,1,0
17,R.Haque,,28,2,1,1,1,0
2047,"Narasimhan,Giri",,33,5,5,0.354167,0.52451,0
1859,"Shi,Xiaodong",,76,1,2,0.517241,0.533333,0
214,"Kim,Shin-Dug",,163,3,1,1,1,0
1117,M.Mishra,,164,2,1,1,1,0
1643,B.Li,,1,3,11,0.171346,0.197683,0
1942,HengHe,,0,6,1,1,1,0
1316,"Ke,Xijiang",,2,5,5,0.295455,0.391026,0
620,S.R.Sarangi,,165,2,1,1,1,0
276,"Lingxuan,Shen",,44,4,1,1,1,0
2092,"Dai,Er-wei",,25,4,5,0.333333,0.396748,0.00008
992,G.Cao,,1,4,10,0.200844,0.237395,0.002475
1883,"Lu,Ying",,33,5,5,0.320755,0.490196,0
237,Y.Yue,,1,8,11,0.183218,0.214313,0.001302
437,"Xu,Yuan-Chao",,166,4,1,1,1,0
856,"Buchmann,Alejandro",,71,3,1,1,1,0
1977,PorfidioHernández,,167,3,1,1,1,0
159,"Koukis,Evangelos",,67,2,1,1,1,0
507,E.Lee,,1,2,11,0.151544,0.183959,0
825,W.Jiang,,1,4,12,0.144505,0.16352,0
417,C.Mohan,,1,4,11,0.197921,0.239518,0
1719,H.Devarajan,,1,3,10,0.169818,0.18783,0
2159,JialinLiu,,39,3,2,0.714286,0.8,0
308,J.Chan,,31,6,1,1,1,0
2006,"Ward,T.J.Christopher",,91,14,1,1,1,0
1706,XiangZhengSun,,137,6,1,1,1,0
583,S.Byan,,50,8,1,1,1,0
922,"Song,Il-Yeol",,168,2,1,1,1,0
648,P.Liu,,1,12,12,0.149451,0.180052,0.002322
1191,L.Zhang,,1,10,9,0.208864,0.241639,0.002178
886,PhilipC.Roth,,39,2,2,0.625,0.7,0
1240,DingdingLi,,169,4,2,0.642857,0.722222,0
549,"Sun,Hui",,25,2,6,0.322835,0.402846,0
472,"Eom,Hyeonsang",,89,10,3,0.606061,0.725,0.000074
975,W.Liu,,1,9,8,0.218148,0.245303,0.002417
1203,M.Wasi-ur-Rahman,,99,4,2,0.7,0.785714,0
1516,ChaoweiYang,,145,7,1,1,1,0
1567,"Bahn,H.",,86,3,3,0.458333,0.560606,0
1436,R.Mythili,,102,3,1,1,1,0
843,N.Shahidi,,1,5,10,0.155912,0.179493,0
428,"Lu,Xiaoyi",,170,6,1,1,1,0.000001
919,"Koshia,Janak",,171,1,1,1,1,0
1126,"Liao,Jianwei",,129,3,1,1,1,0
2130,"Wang,Na",,47,4,2,0.642857,0.722222,0
412,DavurS.Clementsen,,172,1,1,1,1,0
384,M.Cao,,1,14,9,0.213071,0.2506,0
234,YuHua,,5,6,2,0.625,0.7,0
1419,"Anware,A.",,18,9,4,0.5,0.638889,0.000004
330,Eun-MiLee,,32,23,1,1,1,0
2224,"Oldfield,Ron",,151,4,2,0.7,0.785714,0
677,Y.Ni,,1,1,13,0.141204,0.157989,0
1471,"Mao,B.",,104,4,2,0.75,0.833333,0
786,Q.Shi,,68,5,2,0.666667,0.75,0
1958,R.Grout,,1,7,10,0.189566,0.221252,0.000507
977,X.Liao,,1,4,8,0.2125,0.232788,0
63,"Park,Nohhyun",,133,4,1,1,1,0
882,NaWang,,111,3,2,0.666667,0.75,0
337,Jung-BaeLee,,32,23,1,1,1,0
1526,"Liu,Mingchao",,85,4,1,1,1,0
1136,"Karim,MohdBazliAb",,30,3,1,1,1,0
2177,"Kandemir,Mahmut",,151,3,2,0.636364,0.714286,0
747,Z.Shao,,1,18,10,0.216758,0.272996,0.003778
1634,"Wang,P.",,69,1,1,1,1,0
108,"De,Arup",,20,5,3,0.5,0.587719,0
1787,"Yao,Bin",,9,6,2,0.666667,0.75,0
2062,"Tang,Bing",,139,1,1,1,1,0
579,"Lee,Sungjin",,19,3,4,0.454545,0.575,0
1245,L.C.E.Bona,,58,5,2,0.777778,0.857143,0
1428,M.Dorier,,82,4,1,1,1,0
130,"Guo,Zhiliang",,94,3,2,0.8,0.875,0
790,"Feng,D.",,18,4,4,0.413793,0.506944,0
480,P.Olivier,,73,2,2,0.625,0.7,0
209,"Jiang,Congfeng",,115,6,1,1,1,0
957,JieZhou,,173,3,1,1,1,0
1073,H.Y.Yeom,,1,3,11,0.159785,0.192229,0.000075
1037,"Fengli,Zhou",,174,1,1,1,1,0
1049,D.K.Panda,,99,6,2,0.875,0.928571,0.000001
955,S.Matsuoka,,1,4,11,0.151592,0.18571,0
537,"Zhang,X.",,51,6,1,1,1,0.000002
819,K.Zhong,,1,6,11,0.202209,0.247282,0.000025
1555,P.P.C.Lee,,1,3,11,0.16482,0.191714,0
307,V.Gleyzer,,31,6,1,1,1,0
965,B.Dong,,1,12,11,0.186593,0.2252,0.000776
1044,T.Yoshinaga,,158,5,1,1,1,0
858,"Lee,PatrickP.C.",,90,2,2,0.625,0.7,0
514,"Gim,Jongmin",,117,3,1,1,1,0
612,C.Shaobin,,175,3,1,1,1,0
46,X.Ruan,,1,6,12,0.142217,0.161241,0
759,YongkunLi,,176,3,1,1,1,0
1511,Y.Dong,,1,3,11,0.171346,0.197683,0
1667,"Mayers,C.",,123,8,1,1,1,0
2143,"Dongri,Yamg",,177,2,1,1,1,0
2020,J.Planas,,66,15,1,1,1,0
890,LaurentLemarchand,,22,8,1,1,1,0.000004
875,"Xiao,Liquan",,41,5,2,0.692308,0.777778,0
1741,"Kim,Young-Jin",,156,1,1,1,1,0
291,D.U.Lee,,1,7,12,0.148472,0.188872,0
1078,X.Shi,,1,6,9,0.21374,0.245993,0.001277
319,SeongmooHeo,,32,23,1,1,1,0
740,"Kotselidis,C.",,178,3,1,1,1,0
382,C.Wu,,1,23,8,0.239557,0.287805,0.01075
908,H.Jo,,1,5,11,0.163181,0.191977,0
753,D.Singh,,119,3,1,1,1,0
900,"Hu,Yimin",,25,2,9,0.182222,0.262282,0
1661,Z.He,,1,4,11,0.168436,0.200251,0.000391
796,T.Li,,1,6,11,0.181402,0.213902,0.001335
360,K.Kim,,1,24,10,0.177944,0.241639,0.000071
2190,"Nijim,Yousef",,25,5,8,0.245509,0.351713,0.000039
1622,"Wang,Jiayin",,20,3,3,0.475,0.535088,0
1447,XinyanZhang,,5,7,2,0.652174,0.733333,0
240,F.Wang,,1,7,12,0.167724,0.197002,0.000123
64,"Lilja,DavidJ.",,133,4,1,1,1,0
523,P.Halvorsen,,149,3,1,1,1,0
448,D.Tang,,1,3,12,0.147277,0.163277,0
1768,"Lim,Seung-Ho",,179,2,1,1,1,0
1421,"Salman,M.",,18,9,4,0.5,0.638889,0.000004
1708,NanQiao,,137,6,1,1,1,0
1242,XiaofeiLiao,,169,4,2,0.642857,0.722222,0
321,HoonLee,,32,23,1,1,1,0
1522,WeiweiSong,,145,7,1,1,1,0
936,"Qin,X.",,27,7,1,1,1,0.000007
585,A.Madan,,50,8,1,1,1,0
1716,L.A.D.Bathen,,1,5,11,0.203072,0.246748,0.000276
1357,S.Swanson,,1,7,11,0.160215,0.18587,0
1811,"Bahn,Hyokyung",,98,3,1,1,1,0
59,J.Bent,,180,1,1,1,1,0
323,JaesungAhn,,32,23,1,1,1,0
1151,C.Rodriguez,,181,4,1,1,1,0
1129,"Ishikawa,Yutaka",,129,3,1,1,1,0
1143,"Fortes,JoseA.B.",,60,2,2,0.625,0.7,0
586,L.Pabon,,50,8,1,1,1,0
749,Y.Hu,,182,1,1,1,1,0
1666,"Andrews,A.",,123,8,1,1,1,0
708,K.Zhao,,1,5,11,0.181402,0.215186,0.000113
1413,MinyiGuo,,183,5,1,1,1,0
226,"Ran,Qiangjun",,41,4,2,0.642857,0.722222,0
2042,"Ma,Xiaosong",,24,3,2,0.588235,0.65,0
1722,S.Ahmadian,,46,2,2,0.75,0.833333,0
1294,"Gan,Yanglan",,59,3,1,1,1,0
2197,"Wang,Junjie",,47,3,2,0.6,0.666667,0
998,ShadiIbrahim,,169,5,2,0.692308,0.777778,0
1922,"Liang,Weihao",,2,2,5,0.348214,0.401282,0
746,LiyanQiao,,1,4,11,0.197592,0.237882,0
615,Y.Lu,,1,4,10,0.19702,0.224841,0.000335
422,"Moon,Sangwhan",,89,3,5,0.285714,0.389167,0
628,"Han,S.",,13,4,1,1,1,0
2142,"Ying,Wang",,177,2,1,1,1,0
1440,S.Jin,,1,4,12,0.153747,0.173972,0
653,X.Xu,,1,3,11,0.16,0.181669,0
1075,W.Jin,,1,2,12,0.156734,0.176607,0
1160,"Jia,Zhiping",,184,2,1,1,1,0
1882,"Wu,Jie-ting",,33,5,5,0.320755,0.490196,0
55,S.Manoj,,81,4,1,1,1,0
2064,"Betke,Eugen",,141,1,1,1,1,0
255,H.Asadi,,46,3,1,1,1,0
1951,K.H.Park,,185,1,1,1,1,0
1374,J.Huang,,1,5,10,0.196776,0.227405,0.003557
669,D.Wu,,1,4,11,0.172464,0.20141,0
792,"Xia,W.",,18,4,4,0.413793,0.506944,0
1910,"Gupta,Neha",,6,4,1,1,1,0
1990,"Xiong,Jinbo",,114,4,1,1,1,0
56,S.Raftirad,,81,4,1,1,1,0
97,"Salk,Jürgen",,65,8,1,1,1,0
1541,"Li,Jie",,9,12,1,1,1,0.000027
2150,"Kim,Minkyong",,24,7,2,0.769231,0.85,0
1043,H.Irie,,158,5,1,1,1,0
440,"Li,Tao",,166,4,1,1,1,0
1482,"Quanxin,Z.",,132,6,1,1,1,0
1668,"Evans,D.",,123,8,1,1,1,0
1976,CésarAcevedo,,167,3,1,1,1,0
1237,A.Gavrilovska,,1,5,12,0.138252,0.156138,0
1527,"Pan,Yifan",,85,4,1,1,1,0
1218,"Park,Sangsoo",,127,3,1,1,1,0
534,"Xing,Chunxiao",,62,3,1,1,1,0
458,"Talwar,Vanish",,45,4,1,1,1,0
1877,"Lee,Y.",,86,2,3,0.478261,0.545455,0
2008,"Ma,Jeonghyeon",,140,1,1,1,1,0
259,YifengLuo,,84,3,1,1,1,0
1857,J.Piernas,,58,2,2,0.583333,0.642857,0
283,"Cao,Qiang",,25,7,6,0.29927,0.406911,0.000246
835,S.Li,,1,6,11,0.200168,0.24409,0.000183
1422,"Li,D.",,18,9,4,0.5,0.638889,0.000004
1915,"Tan,ChiuC.",,20,4,3,0.487179,0.561404,0
872,"Lee,Junghee",,186,4,1,1,1,0
1055,G.Zhang,,1,6,9,0.226775,0.267444,0.002033
1730,"Yang,Lin",,144,5,1,1,1,0
566,B.Mao,,1,4,10,0.175,0.200772,0.000077
136,"Ruan,Xiaojun",,25,7,7,0.29927,0.443438,0.000028
1148,A.Santos,,181,4,1,1,1,0
913,S.Nie,,1,4,9,0.19933,0.221444,0
783,B.Wu,,68,5,2,0.666667,0.75,0
266,"Yang,Zhengyu",,20,14,2,0.791667,0.868421,0.000025
1975,JihongKim,,187,1,1,1,1,0
1986,"Liu,Guangming",,33,6,3,0.515152,0.627451,0.000051
115,Y.Wang,,1,46,10,0.23717,0.326937,0.01857
84,"Yang,Joon-Sung",,188,1,1,1,1,0
695,"Zhang,Shuangwu",,76,6,2,0.625,0.7,0
733,L.Wang,,1,10,9,0.214318,0.250293,0.002479
2171,SongJiang,,87,3,1,1,1,0
172,K.Koh,,1,3,12,0.140206,0.171408,0.000002
581,"Kim,Youngjin",,19,3,4,0.454545,0.575,0
1000,SongWu,,169,5,2,0.692308,0.777778,0
578,"Du,DavidH.C.",,48,9,1,1,1,0.000013
1655,"Rim,K.W.",,86,3,3,0.5,0.590909,0
1900,ShuqiangHuang,,72,4,2,0.833333,0.9,0
1549,"Shipman,G.M.",,18,5,4,0.5,0.576389,0.000014
964,X.Li,,1,7,12,0.183288,0.221915,0.001206
2162,JesnaFathima,,92,1,1,1,1,0
501,W.W.Ro,,189,1,1,1,1,0
509,"Shin,DongIn",,89,4,4,0.408163,0.504167,0
554,S.Park,,1,2,11,0.151544,0.183959,0
694,"Chen,Yu",,76,6,2,0.625,0.7,0
36,"R,KrishK.",,190,2,1,1,1,0
1434,P.Rajeshwari,,102,3,1,1,1,0
515,"Hwang,Taeho",,117,3,1,1,1,0
431,"Lee,HyoJ.",,35,6,1,1,1,0
883,LihuaYue,,111,3,2,0.666667,0.75,0
2101,"Wang,Fang",,76,3,2,0.555556,0.6,0
87,S.Hahn,,106,2,1,1,1,0
939,"Koo,Donghun",,89,4,3,0.47619,0.55,0.000013
582,"Kim,Jihong",,19,4,3,0.588235,0.683333,0.000018
626,A.Bilas,,128,6,1,1,1,0.000005
1468,Z.Shen,,1,2,11,0.148056,0.161537,0
780,"Chai,Yun-Peng",,25,3,7,0.288732,0.390592,0
1210,R.C.Chiang,,97,2,1,1,1,0
1100,B.Chapman,,83,2,2,0.583333,0.642857,0
959,YanyanShen,,173,3,1,1,1,0
1453,D.Luo,,1,5,11,0.172902,0.197792,0
560,Y.Chang,,1,4,10,0.162791,0.18155,0
1495,B.Zhu,,1,5,8,0.203593,0.229539,0.00135
803,PingLuo,,191,3,1,1,1,0
306,E.Robinson,,31,6,1,1,1,0
1646,"Liu,Wei",,2,5,3,0.458824,0.512821,0.000074
2144,"Peng,Liu",,177,2,1,1,1,0
1598,G.Liu,,1,3,11,0.175711,0.197001,0.000083
721,H.Sun,,1,3,11,0.166783,0.189895,0.000208
485,S.Guo,,83,5,2,0.777778,0.857143,0
782,"Liu,Yao-Hong",,25,3,7,0.288732,0.390592,0
870,"Paik,Joon-Young",,186,4,1,1,1,0
1593,"Gropp,William",,2,9,5,0.410526,0.533761,0
86,M.P.Mesnier,,106,2,1,1,1,0
1928,"Zhou,Xuehai",,101,3,2,0.615385,0.6875,0
1321,"Dalibard,Valentin",,192,3,1,1,1,0
145,G.M.Shipman,,1,4,11,0.170426,0.199888,0
510,"Yu,YoungJin",,89,4,4,0.408163,0.504167,0
736,L.Shi,,1,8,9,0.202037,0.236027,0.000481
236,ShuangwuZhang,,5,6,2,0.625,0.7,0
1805,X.Yang,,1,4,12,0.163912,0.189986,0
1116,P.Mishra,,164,2,1,1,1,0
1540,"Wu,Chentao",,9,6,2,0.666667,0.75,0.000002
1995,"Kumbhar,PramodS.",,91,14,1,1,1,0
227,"Chen,Xian",,3,2,1,1,1,0
250,E.Saule,,1,8,9,0.183571,0.217503,0
2052,"Marazakis,Manolis",,161,4,1,1,1,0
1472,"Wu,S.",,104,4,2,0.75,0.833333,0
577,"Wen,Hao",,48,6,2,0.75,0.833333,0
971,T.Härder,,1,5,12,0.180235,0.212606,0
1485,Y.Hua,,1,3,12,0.164991,0.19907,0.000664
1974,Young-JinKim,,187,1,1,1,1,0
1166,"(DK)Panda,DhabaleswarK.",,170,5,2,0.857143,0.916667,0
836,L.T.Yang,,1,9,11,0.202553,0.250095,0.000882
2151,"Lei,Hui",,24,7,2,0.769231,0.85,0
1042,Y.Terada,,158,5,1,1,1,0
805,JingLi,,191,3,1,1,1,0
477,H.Wu,,1,4,11,0.163014,0.18526,0
849,"Kim,Jungkil",,19,3,5,0.333333,0.498333,0
1300,"Park,Sanghyun",,110,3,1,1,1,0
2073,"Kwak,Dongho",,105,4,1,1,1,0
690,"Feng,Dan",,76,15,1,1,1,0.000046
1705,TaoZhang,,137,6,1,1,1,0
571,"Shin,Dongkun",,19,5,4,0.5,0.675,0.000011
1040,R.Kudo,,158,5,1,1,1,0
798,P.Jin,,1,4,13,0.14133,0.16114,0
324,DukMinKwon,,32,23,1,1,1,0
2018,F.Delalondre,,66,15,1,1,1,0
667,Z.Liu,,1,4,11,0.172464,0.20141,0
970,J.Xu,,1,8,12,0.191241,0.23363,0.001303
158,"An,LongFei",,37,4,2,0.611111,0.681818,0
281,"Yao,Jie",,25,4,7,0.246988,0.337282,0
1698,"Chang,Da-Wei",,135,2,2,0.6,0.666667,0
771,JinglingXue,,153,4,1,1,1,0
433,"Kim,Eunsam",,35,6,1,1,1,0
2194,"Wang,Rui",,47,3,2,0.6,0.666667,0
1589,"Kotsifakou,Maria",,2,9,5,0.410526,0.533761,0
846,C.R.Das,,1,5,10,0.155912,0.179493,0
423,"Lee,Jaehwan",,89,6,4,0.377358,0.516667,0.000036
354,Y.Kwon,,1,24,10,0.177944,0.241639,0.000071
1795,TahsinKurc,,63,7,1,1,1,0
973,B.Choi,,1,6,12,0.183288,0.219109,0.000073
426,"Islam,NusratSharmin",,170,6,1,1,1,0.000001
1515,FeiHu,,145,7,1,1,1,0
1441,T.Robertazzi,,1,4,12,0.153747,0.173972,0
1414,LiminXiao,,183,5,1,1,1,0
618,P.Aggarwal,,165,2,1,1,1,0
1640,Z.Qian,,1,3,11,0.171346,0.197683,0
2007,"Fitch,BlakeG.",,91,14,1,1,1,0
1984,"Lu,Youyou",,33,4,4,0.414634,0.534314,0
1773,P.Raghavan,,1,3,10,0.171841,0.198215,0
1740,M.B.Ghaznavi-Ghoushchi,,193,1,1,1,1,0
1630,G.Zhao,,1,5,12,0.17821,0.213272,0.000114
1637,"Zeng,Lingfang",,76,4,2,0.576923,0.633333,0
845,M.Arjomand,,1,5,10,0.155912,0.179493,0
743,MinHuang,,1,4,11,0.197592,0.237882,0
152,C.Filippidis,,112,1,1,1,1,0
2115,"Kang,Sooyong",,89,6,5,0.392157,0.5425,0
2085,"Wan,Ya-ping",,76,3,2,0.555556,0.6,0
1895,D.H.C.Du,,194,3,1,1,1,0
1214,T.Tokuda,,95,2,2,0.583333,0.642857,0
61,"Lei,Xiaoqiang",,133,4,1,1,1,0
1880,"Yu,Jie",,33,7,4,0.414634,0.593137,0.000042
1466,M.Nakajima,,195,1,1,1,1,0
131,"Meng,Xiaofeng",,94,4,1,1,1,0.000001
2155,"Sun,Guangyu",,160,3,2,0.8,0.875,0
1665,"Hoseinzadeh,M.",,123,8,1,1,1,0
1861,S.Bai,,1,4,11,0.198251,0.241218,0.000322
285,"Xie,Changsheng",,25,4,7,0.246988,0.337282,0
468,J.C.S.Lui,,1,4,10,0.174743,0.201814,0
2012,"Torres,Aaron",,2,6,6,0.330508,0.447863,0
1127,"Trahay,Francois",,129,3,1,1,1,0
391,J.Zhang,,1,4,11,0.141582,0.161734,0.00022
772,"Cui,Jinhua",,15,6,1,1,1,0
1604,Z.Haipeng,,159,3,1,1,1,0
1199,TheoHärder,,111,3,2,0.666667,0.75,0
43,Y.Mao,,1,6,11,0.173723,0.201819,0
854,"Petrov,Ilia",,71,3,1,1,1,0
1728,"Liu,Jian-Liang",,144,5,1,1,1,0
1200,ZhiLi,,111,3,2,0.666667,0.75,0
451,M.Chen,,1,5,11,0.172526,0.197509,0.001004
1244,BingbingZhou,,169,4,2,0.642857,0.722222,0
1863,G.Tan,,1,4,11,0.198251,0.241218,0.000322
88,S.Kim,,1,25,9,0.191626,0.252464,0.01033
1941,RuixuanLi,,0,6,1,1,1,0
1222,M.Ye,,1,2,11,0.191858,0.229016,0
1949,B.Schroeder,,121,2,1,1,1,0
584,J.Lentini,,50,8,1,1,1,0
766,K.Wen,,1,4,12,0.163686,0.199098,0.000272
1331,M.Koskas,,73,3,2,0.714286,0.8,0
1101,J.No,,196,0,0,0,0,0
220,"Wan,Shouhong",,47,5,2,0.692308,0.777778,0
296,J.H.Kim,,1,7,12,0.148472,0.188872,0
1807,J.Lakshmi,,197,1,1,1,1,0
1150,J.Taibo,,181,4,1,1,1,0
1430,F.Cappello,,82,4,1,1,1,0
205,"Wan,Jian",,115,6,1,1,1,0
2175,"Garg,Rajat",,151,3,2,0.636364,0.714286,0
349,S.Lee,,1,31,10,0.178411,0.248992,0.002051
1478,"Changyou,Z.",,132,6,1,1,1,0
211,"Wang,Jue",,115,6,1,1,1,0
1872,S.Wan,,1,4,9,0.2125,0.244508,0.00328
1285,"Thakur,Rajeev",,2,13,5,0.428571,0.585043,0.000038
2127,"Yang,Weijian",,25,3,9,0.183036,0.274477,0
2139,"Ou,Jianqiang",,4,3,2,0.8,0.875,0
1731,"Guo,Ming-Yang",,144,5,1,1,1,0
1308,"Fan,Ziqi",,48,3,2,0.6,0.666667,0
455,"Gavrilovska,Ada",,45,4,1,1,1,0
752,D.Rastogi,,119,3,1,1,1,0
444,"Yu,Weikuan",,113,2,1,1,1,0
504,"Kim,Youngjoo",,198,2,1,1,1,0
1748,G.Yang,,1,5,10,0.165106,0.186969,0.000106
297,J.H.Cho,,1,7,12,0.148472,0.188872,0
1758,ChengJi,,1,4,9,0.201014,0.226746,0.000115
1672,"Swanson,S.",,123,8,1,1,1,0
2051,"Makatos,Thanos",,161,4,1,1,1,0
814,N.J.Dingle,,155,2,1,1,1,0
530,Y.Son,,1,4,10,0.161575,0.193855,0.000202
1903,"Kwok,Yipkei",,199,4,1,1,1,0
2222,"Sehrish,Saba",,151,4,2,0.7,0.785714,0
202,"Song,NaeYoung",,89,4,4,0.465116,0.554167,0
1613,J.Mu,,1,10,10,0.191472,0.226468,0.000232
438,"Wan,Hu",,166,4,1,1,1,0
1394,"Chai,Y.",,27,2,2,0.583333,0.642857,0
1307,"Park,Dongchul",,48,3,2,0.6,0.666667,0
1431,M.Snir,,82,4,1,1,1,0
436,"Noh,SamH.",,35,6,1,1,1,0
1875,"Ahn,H.",,86,2,3,0.478261,0.545455,0
1089,"Min,Junghi",,19,4,3,0.555556,0.666667,0.000017
2048,"Zhang,Tong",,33,5,5,0.354167,0.52451,0
1323,"Yoneki,Eiko",,192,3,1,1,1,0
479,J.Boukhobza,,73,5,1,1,1,0.000004
1134,"Wei,Jun",,52,5,1,1,1,0
149,T.Lu,,1,6,11,0.179623,0.209401,0.000077
99,"Focht,Erich",,65,8,1,1,1,0
2111,"Rhee,SangYoup",,89,6,5,0.392157,0.5425,0
229,"Lu,Zhongyong",,3,2,1,1,1,0
1869,M.Gokhale,,200,3,1,1,1,0
1176,D.Qi,,1,5,10,0.181679,0.206399,0
2217,"Wu,Kaijie",,101,6,2,0.8,0.875,0
2059,"Qiu,Meikang",,25,5,7,0.292857,0.414983,0
1826,H.Koc,,23,1,1,1,1,0
625,M.D.Flouris,,128,5,2,0.857143,0.916667,0.000001
1953,S.Klasky,,1,7,10,0.189566,0.221252,0.000507
2069,"Wang,Yangyang",,201,2,2,0.583333,0.642857,0
608,J.Jeong,,125,1,1,1,1,0
874,"Xie,Xuchao",,41,5,2,0.692308,0.777778,0
911,S.Yoo,,1,5,11,0.163181,0.191977,0
430,"Doh,InHwan",,35,6,1,1,1,0
1132,"Huang,Yu",,52,5,1,1,1,0
1048,M.Wasi-Ur-Rahman,,99,4,2,0.7,0.785714,0
2004,"Germain,RobertS.",,91,14,1,1,1,0
13,H.Song,,1,2,9,0.191935,0.214378,0
767,YiWang,,153,4,1,1,1,0
1369,"Ota,Kaoru",,2,3,6,0.237805,0.312393,0
1738,"Zhuang,Yu",,2,4,5,0.364486,0.439744,0
741,"Goodacre,J.",,178,3,1,1,1,0
1606,"Rush,E.N.",,202,2,1,1,1,0
2214,"Li,Qiao",,101,6,2,0.8,0.875,0
962,R.Garg,,1,3,10,0.171841,0.198215,0
385,G.H.Chang,,1,14,9,0.213071,0.2506,0
1435,P.Pradheeba,,102,3,1,1,1,0
1505,Y.Jo,,1,3,11,0.152271,0.186655,0.000015
1945,MeikangQiu,,0,6,1,1,1,0
657,M.Kim,,1,3,11,0.152028,0.187985,0
982,X.Ma,,1,5,11,0.170977,0.203039,0.000301
1008,H.He,,1,3,12,0.140413,0.156045,0
1697,"Luo,Jhih-Cheng",,135,2,2,0.6,0.666667,0
18,H.Aít-kaci,,28,2,1,1,1,0
976,H.Liu,,1,6,8,0.217451,0.240144,0.000812
1412,ZhishengHuo,,183,5,1,1,1,0
395,"Nakashima,Kenji",,60,2,2,0.625,0.7,0
543,T.Zhang,,1,7,11,0.180989,0.218874,0.001155
1614,Q.Koziol,,1,10,10,0.191472,0.226468,0.000232
1158,"Zhang,Zhiyong",,184,2,1,1,1,0
665,M.Huang,,1,7,11,0.186156,0.223253,0.000756
1824,T.Chung,,147,2,1,1,1,0
570,"Gwak,Hyunho",,19,2,5,0.357143,0.478333,0
6,Y.Li,,1,17,10,0.194048,0.243333,0.00296
2079,"Liao,Xiangke",,130,4,1,1,1,0
1571,H.Gao,,1,3,9,0.202985,0.231538,0.001157
1868,C.Harrison,,200,3,1,1,1,0
488,Q.Wei,,1,5,9,0.187107,0.210005,0.001004
750,K.Singh,,119,3,1,1,1,0
1111,Young-SikLee,,152,4,1,1,1,0
1481,"Jun,Z.",,132,6,1,1,1,0
1224,RobertoR.Expósito,,38,3,1,1,1,0
2225,"Choudhary,Alok",,151,4,2,0.7,0.785714,0
1009,A.M.K.Cheng,,1,3,12,0.140413,0.156045,0
1530,T.Y.Kim,,1,3,12,0.132664,0.157012,0.001666
157,"Lai,MingChe",,37,4,2,0.611111,0.681818,0
1077,L.Huang,,1,2,12,0.156734,0.176607,0
1599,W.Dong,,1,3,11,0.175711,0.197001,0.000083
1026,"Feng,Bo",,2,3,6,0.322314,0.409402,0
1297,"Song,Kyungtae",,110,3,1,1,1,0
1113,Sang-HoonKim,,152,4,1,1,1,0
1733,"Xu,Lu",,144,5,1,1,1,0
1469,J.Shu,,1,2,11,0.148056,0.161537,0
770,ZiliShao,,153,4,1,1,1,0
670,C.Liu,,1,10,10,0.197839,0.244281,0.002558
1983,"Fu,Jianyu",,33,4,4,0.414634,0.534314,0
637,"Xu,X.",,104,2,2,0.6,0.666667,0
341,H.Kim,,1,27,10,0.189717,0.256262,0.006731
1972,S.Larsen,,157,1,1,1,1,0
1944,MudarSarem,,0,6,1,1,1,0
1314,"Shi,Xuanhua",,2,8,4,0.371429,0.474359,0.000038
2046,"Riveros,Juan",,33,5,5,0.354167,0.52451,0
1346,Y.Seo,,1,2,11,0.151544,0.183959,0
806,AthanasiosFevgas,,203,1,1,1,1,0
179,"Strunk,JohnD.",,204,0,0,0,0,0
852,"Chang,Wooseok",,19,4,4,0.434783,0.6,0.000002
60,"Xiao,Weijun",,133,4,1,1,1,0
791,"Hua,Y.",,18,4,4,0.413793,0.506944,0
1727,R.D.Callaway,,205,2,1,1,1,0
335,Man-SikChoi,,32,23,1,1,1,0
161,"Koziris,Nectarios",,67,2,1,1,1,0
58,T.K.Petersen,,180,1,1,1,1,0
1063,"Renault,Éric",,142,3,1,1,1,0
2023,C.Bekas,,66,15,1,1,1,0
800,K.Cui,,1,4,13,0.14133,0.16114,0
944,W.Ding,,1,8,9,0.213166,0.249352,0.005323
332,Keum-HeeMa,,32,23,1,1,1,0
232,JingningLiu,,5,6,2,0.625,0.7,0
1551,M.Factor,,206,2,1,1,1,0
146,K.Tang,,1,5,11,0.179555,0.208351,0
450,W.Hu,,1,3,12,0.147277,0.163277,0
181,"Feng,Zhiyong",,201,5,2,0.777778,0.857143,0
2005,"Schneidenbach,Lars",,91,14,1,1,1,0
33,A.R.Butt,,1,9,10,0.194524,0.235879,0.003119
14,X.Sun,,1,9,9,0.204292,0.237122,0.001914
371,J.Chang,,1,15,9,0.220677,0.261172,0.006562
1364,B.Zha,,207,1,1,1,1,0
1293,"Huang,Yongfeng",,59,3,1,1,1,0
2123,KamelBoukhalfa,,22,4,2,0.666667,0.75,0
2191,"Sker,Remzi",,25,4,9,0.20098,0.287853,0
1189,"Zhao,X.",,51,3,2,0.666667,0.75,0
1388,J.Shen,,1,4,12,0.144813,0.165445,0.000443
415,H.Hsiao,,1,4,11,0.197921,0.239518,0
2164,X.Chu,,1,3,9,0.194603,0.216362,0.000227
1408,G.Li,,1,4,12,0.157251,0.180157,0
203,"Yeom,HeonYoung",,89,7,4,0.5,0.629167,0.00001
1107,"Wu,Xiaoquan",,37,4,2,0.611111,0.681818,0
476,W.Zhang,,1,7,11,0.163181,0.188412,0.001004
897,JipengZhou,,72,5,1,1,1,0.000001
1750,T.Makatos,,128,4,2,0.75,0.833333,0
1365,H.Shen,,207,1,1,1,1,0
2053,"Flouris,MichailD.",,161,4,1,1,1,0
710,X.Zhang,,1,20,10,0.206508,0.26002,0.007108
1392,X.Wang,,1,4,12,0.144813,0.165445,0.000443
905,SoojunIm,,134,1,2,0.666667,0.75,0
1992,"Xiao,Ruliang",,114,4,1,1,1,0
654,X.Peng,,1,3,11,0.16,0.181669,0
2229,"Wu,Jie",,56,4,2,0.833333,0.9,0
1007,T.Cheng,,1,3,12,0.140413,0.156045,0
1828,S.Wang,,1,4,12,0.154596,0.184452,0
1938,EricBorba,,208,1,1,1,1,0
1269,S.S.Iyengar,,1,7,13,0.130268,0.151717,0
408,H.Du,,1,7,9,0.198747,0.231045,0.000162
339,Jei-HwanYoo,,32,23,1,1,1,0
454,"Kannan,Sudarsun",,45,4,1,1,1,0
278,"Ma,Sixiang",,44,4,1,1,1,0
727,"Xu,Yinlong",,90,3,2,0.714286,0.8,0
1934,"Wang,L.",,100,4,1,1,1,0
1681,"Chen,Chia-Yu",,135,2,2,0.6,0.666667,0
186,"Ou,Yang",,37,6,2,0.6875,0.772727,0
838,"Velentzas,Polychronis",,40,5,1,1,1,0
2192,"Reddy,Vamshi",,25,4,9,0.20098,0.287853,0
635,"He,S.",,104,2,2,0.6,0.666667,0
2160,HongAn,,39,3,2,0.714286,0.8,0
1933,"Liu,Z.",,100,4,1,1,1,0
401,X.Liu,,1,15,9,0.231405,0.281393,0.0095
1027,"Feng,Kun",,2,10,5,0.414894,0.546581,0.000019
1014,"Yang,Chun",,116,2,1,1,1,0
487,T.Tian,,83,5,2,0.777778,0.857143,0
370,J.Choi,,1,24,10,0.177944,0.241639,0.000071
411,J.Ma,,1,11,9,0.210433,0.247199,0.00144
1765,L.Liu,,1,2,10,0.184998,0.205519,0
1855,B.Hua,,209,1,1,1,1,0
689,"Zhou,Wen",,76,6,2,0.625,0.7,0
1050,K.Zhang,,1,6,13,0.126798,0.14495,0.001004
164,"Lee,Yangsup",,210,2,1,1,1,0
1390,J.Gu,,1,4,12,0.144813,0.165445,0.000443
636,"Yang,Y.",,104,6,1,1,1,0.000006
182,"Wang,Xin",,201,7,1,1,1,0.000007
613,H.Qilong,,175,3,1,1,1,0
666,B.Xu,,1,8,11,0.187033,0.227157,0.000783
500,M.H.Jo,,189,1,1,1,1,0
865,"Huang,Ping",,12,3,1,1,1,0
365,D.Kim,,1,24,10,0.177944,0.241639,0.000071
127,"Wickberg,Tim",,211,1,1,1,1,0
545,"Yang,Chengcheng",,47,4,2,0.642857,0.722222,0
1305,"Soulé,Robert",,212,1,1,1,1,0
2017,S.Eilemann,,66,15,1,1,1,0
1457,F.Li,,1,5,11,0.172902,0.197792,0
518,"Kim,Deok-hwan",,74,1,1,1,1,0
1645,"Li,Ming",,2,5,3,0.458824,0.512821,0.000074
1829,Xiaochunyun,,1,4,12,0.154596,0.184452,0
739,"Stratikopoulos,A.",,178,3,1,1,1,0
1881,"Wang,Peng-fei",,33,5,5,0.320755,0.490196,0
1978,AntonioEspinosa,,167,3,1,1,1,0
2182,"He,Xubin",,9,4,2,0.6,0.666667,0
1382,"Jiang,Xunfei",,25,7,7,0.297101,0.439373,0.000001
610,C.Jinzhong,,175,3,1,1,1,0
194,"Expósito,RobertoR.",,162,3,1,1,1,0
328,Woo-SeopKim,,32,23,1,1,1,0
898,XiaohuaMeng,,72,2,2,0.625,0.7,0
350,D.Rajagopal,,1,24,10,0.177944,0.241639,0.000071
907,H.Park,,1,5,11,0.163181,0.191977,0
1123,C.Min,,1,3,11,0.14801,0.17959,0.000005
1497,H.Hou,,1,5,8,0.203593,0.229539,0.00135
190,"Chen,Wei",,37,6,2,0.6875,0.772727,0
75,"Chung,Pei-Yao",,135,2,2,0.6,0.666667,0
373,H.Cheng,,1,14,9,0.213071,0.2506,0
208,"Wang,Yicheng",,115,6,1,1,1,0
1866,M.Jiang,,200,3,1,1,1,0
104,"Wesner,Stefan",,65,8,1,1,1,0
2157,WeihaoLiang,,39,3,2,0.714286,0.8,0
1260,G.Wang,,1,7,8,0.226128,0.257548,0.001599
728,"Pan,Yubiao",,90,3,2,0.714286,0.8,0
1351,G.Koo,,1,7,11,0.160215,0.18587,0
342,J.Lim,,1,24,10,0.177944,0.241639,0.000071
1487,B.Nicolae,,7,2,1,1,1,0
1152,A.Carballal,,181,4,1,1,1,0
1939,EduardoTavares,,208,1,1,1,1,0
1619,H.Ohtsuji,,143,1,2,0.555556,0.6,0
302,K.Mueller,,213,4,1,1,1,0
333,Dong-HyunJang,,32,23,1,1,1,0
2187,"Lee,Ju-Hong",,10,5,1,1,1,0
2084,"Niu,Zhong-ying",,76,3,2,0.555556,0.6,0
2091,"Huang,Jian-zhong",,25,4,5,0.333333,0.396748,0.00008
300,D.Muench,,213,4,1,1,1,0
1615,J.Soumagne,,1,10,10,0.191472,0.226468,0.000232
1051,Y.Tanimura,,1,3,14,0.112609,0.125105,0
218,"Yang,Puyuan",,47,5,2,0.692308,0.777778,0
338,Tae-KyungJung,,32,23,1,1,1,0
651,J.Liang,,1,5,12,0.149123,0.172699,0
540,Y.Pan,,1,11,10,0.194206,0.235835,0.002345
1097,"Hacigumus,Hakan",,88,3,1,1,1,0
79,"Li,Ge-Zi",,17,6,1,1,1,0
1906,"Seelam,SeetharamiR.",,199,4,1,1,1,0
1508,"Fang,Yi-Chiun",,214,2,1,1,1,0
125,"Kim,J.",,86,8,2,0.785714,0.863636,0.000026
2110,"Jang,Hyeongwon",,89,6,5,0.392157,0.5425,0
1280,N.Sun,,1,6,10,0.20777,0.247512,0.002276
54,H.Sayadi,,81,4,1,1,1,0
508,S.H.Noh,,1,2,11,0.151544,0.183959,0
937,SiwooByun,,215,1,1,1,1,0
189,"Chen,Zhiguang",,37,7,2,0.733333,0.818182,0.000001
785,H.Yuan,,68,5,2,0.666667,0.75,0
1501,"Hwang,S.",,18,4,6,0.3,0.411111,0
1208,R.Odaira,,34,3,1,1,1,0
1700,Z.Tan,,1,5,11,0.193339,0.234131,0.001837
102,"Kushnarenko,Volodymyr",,65,8,1,1,1,0
542,Q.Wu,,1,3,11,0.167842,0.194324,0
555,J.Do,,216,3,1,1,1,0
1676,Z.Feng,,1,3,12,0.159839,0.181333,0
738,C.J.Xue,,1,8,9,0.202037,0.236027,0.000481
2148,"Karve,Alexei",,24,7,2,0.769231,0.85,0
775,"Huang,Jianhang",,15,6,1,1,1,0
111,R.Li,,1,3,12,0.149874,0.173704,0.000011
1717,N.D.Dutt,,1,5,11,0.203072,0.246748,0.000276
2032,B.G.Fitch,,66,15,1,1,1,0
386,M.D.Marino,,217,0,0,0,0,0
1837,S.Hwang,,1,5,11,0.155403,0.193659,0.000014
2183,"Park,Kwanghee",,10,5,1,1,1,0
2024,A.Curioni,,66,15,1,1,1,0
1329,A.Laga,,73,3,2,0.714286,0.8,0
154,"Xiao,Nong",,37,11,1,1,1,0.00001
8,K.Dong,,1,7,11,0.170732,0.202717,0
1175,S.Liu,,1,9,10,0.182796,0.212282,0.001216
1792,JeremyLogan,,63,7,1,1,1,0
185,"Li,Zhiyuan",,201,5,2,0.777778,0.857143,0
1500,"Kim,J.-S.",,18,4,6,0.3,0.411111,0
53,H.M.Makrani,,81,4,1,1,1,0
869,"Mativenga,Ronnie",,186,4,1,1,1,0
1404,"Song,J.-S.",,78,3,1,1,1,0
201,"Son,Yongseok",,89,4,4,0.465116,0.554167,0
376,Q.Li,,1,25,8,0.226883,0.277276,0.00572
611,Y.Nianmin,,175,3,1,1,1,0
1490,FangliangXu,,8,2,1,1,1,0
247,J.Shalf,,1,9,9,0.183926,0.219429,0.000364
881,XikeXie,,111,3,2,0.666667,0.75,0
312,F.Clermidy,,154,4,1,1,1,0
538,"Huang,J.",,51,4,2,0.75,0.833333,0
2041,"Kulkarni,Amit",,24,3,2,0.588235,0.65,0
2014,"Gibson,Garth",,2,6,6,0.330508,0.447863,0
1932,"Ruan,Li",,53,3,1,1,1,0
1524,"Tomić,S.",,218,1,1,1,1,0
246,W.Choi,,1,8,9,0.183571,0.217503,0
225,"Liu,Yi",,41,4,2,0.642857,0.722222,0
1446,WeiZhou,,5,7,2,0.652174,0.733333,0
804,ZeCheng,,191,3,1,1,1,0
253,R.Salkhordeh,,46,3,1,1,1,0
1425,"He,X.",,18,9,4,0.5,0.638889,0.000004
1671,"Mi,N.",,123,8,1,1,1,0
222,"Hui,Jiao",,41,4,2,0.642857,0.722222,0
1036,S.Cho,,68,5,2,0.666667,0.75,0
303,M.Paulitsch,,213,4,1,1,1,0
2045,"Jean-Baptise,Gregory",,33,5,5,0.354167,0.52451,0
128,"Carothers,Christopher",,211,1,1,1,1,0
165,"Jung,Sanghyuk",,210,2,1,1,1,0
1830,X.Zhou,,1,4,12,0.154596,0.184452,0
1652,"Kim,Y.J.",,86,3,3,0.5,0.590909,0
541,G.Dong,,1,3,11,0.167842,0.194324,0
807,PanayiotisBozanis,,203,1,1,1,1,0
378,S.Natarajan,,1,14,9,0.213071,0.2506,0
107,"Eisner,LouisAlex",,20,5,3,0.5,0.587719,0
649,D.Niu,,1,5,12,0.149123,0.172699,0
1343,"Ge,R.",,64,4,1,1,1,0
1370,S.Sasaki,,143,3,2,0.714286,0.8,0
1587,"Eslami,Hassan",,2,9,5,0.410526,0.533761,0
1663,K.Hwang,,1,4,11,0.168436,0.200251,0.000391
661,"Shin,D.",,86,2,2,0.55,0.590909,0
2113,"Kim,Yoonhee",,89,6,5,0.392157,0.5425,0
1449,JieXu,,5,7,2,0.652174,0.733333,0
925,"Yang,Dong-Lin",,148,2,1,1,1,0
1306,"Gedik,Buğra",,212,1,1,1,1,0
151,D.Tiwari,,1,5,11,0.179555,0.208351,0
402,C.Ma,,1,5,10,0.205349,0.245152,0
375,H.Liao,,1,14,9,0.213071,0.2506,0
463,J.Fortes,,95,4,2,0.7,0.785714,0
1172,J.Tang,,1,5,10,0.181679,0.206399,0
951,P.Markthub,,1,4,11,0.151592,0.18571,0
244,M.Jung,,1,15,9,0.184353,0.225731,0.002067
427,"Wasi-ur-Rahman,Md.",,170,6,1,1,1,0.000001
1194,P.Li,,1,6,9,0.197757,0.222404,0.000146
78,"Li,Shun-Fen",,17,6,1,1,1,0
1032,K.Dou,,68,5,2,0.666667,0.75,0
251,U.V.Catalyurek,,1,8,9,0.183571,0.217503,0
891,YassineHadjadj-Aoul,,22,5,2,0.727273,0.8125,0
1320,"Nilakant,Karthik",,192,3,1,1,1,0
1544,"Kim,Y.",,18,5,4,0.5,0.576389,0.000014
1371,K.Takahashi,,143,3,2,0.714286,0.8,0
1146,S.Hyun,,1,2,11,0.151641,0.184484,0.00001
1852,R.Thakur,,1,3,9,0.198416,0.221113,0.000092
682,"He,Wanhui",,37,4,2,0.611111,0.681818,0
1998,"Tacchella,Davide",,91,14,1,1,1,0
1618,R.Warren,,1,10,10,0.191472,0.226468,0.000232
1284,"Yin,Yanlong",,2,4,6,0.330508,0.430769,0
295,S.J.Byeon,,1,7,12,0.148472,0.188872,0
1528,"Gong,Weihua",,85,4,1,1,1,0
1025,"Sun,Xian-He",,2,19,5,0.458824,0.661966,0.000163
1059,"Kang,Woon-Hak",,219,2,1,1,1,0
2003,"Franceschini,MicheleM.",,91,14,1,1,1,0
622,L.Dong,,1,2,11,0.191858,0.229016,0
1118,A.K.Somani,,164,2,1,1,1,0
193,"Cacheiro,JavierLópez",,162,3,1,1,1,0
357,S.Shin,,1,24,10,0.177944,0.241639,0.000071
709,K.S.Venkataraman,,1,5,11,0.181402,0.215186,0.000113
2070,"Chai,Yunpeng",,201,2,2,0.583333,0.642857,0
2227,"Wu,Guiyong",,56,4,2,0.833333,0.9,0
407,J.Xing,,1,7,9,0.198747,0.231045,0.000162
1890,E.J.Kim,,120,2,1,1,1,0
956,KaixinHuang,,173,3,1,1,1,0
1381,"AlAssaf,MaenM.",,25,7,7,0.297101,0.439373,0.000001
1022,JinpengHuai,,61,5,1,1,1,0
1925,"Shi,Liang",,101,8,1,1,1,0.000004
486,Z.Xiang,,83,5,2,0.777778,0.857143,0
606,D.Shin,,54,2,1,1,1,0.000001
818,D.Liu,,1,9,11,0.204555,0.25488,0.00193
1865,S.Hu,,1,4,11,0.198251,0.241218,0.000322
2149,"Chen,Han",,24,7,2,0.769231,0.85,0
754,D.Park,,1,3,14,0.1051,0.119109,0
294,K.S.Lee,,1,7,12,0.148472,0.188872,0
2108,"Dong,Wenrui",,33,3,3,0.472222,0.539216,0.000021
2098,"Li,Chu",,76,3,2,0.555556,0.6,0
389,H.Lee,,1,3,11,0.173596,0.21859,0.002035
1424,"Xie,C.",,18,9,4,0.5,0.638889,0.000004
2087,"Garcia,Javier",,80,3,2,0.714286,0.8,0
655,J.Liao,,1,3,11,0.16,0.181669,0
1503,"Lee,J.",,18,8,5,0.4,0.547917,0.000057
1064,"TaharKechadi,M.",,142,3,1,1,1,0
969,S.Gao,,1,5,12,0.180235,0.212606,0
522,H.K.Stensland,,149,3,1,1,1,0
896,YuhuiDeng,,72,5,1,1,1,0.000001
310,N.Bliss,,31,6,1,1,1,0
168,X.Lu,,99,7,1,1,1,0.000003
1817,U.Shrawankar,,220,1,1,1,1,0
1159,"Ju,Lei",,184,2,1,1,1,0
301,O.Isfort,,213,4,1,1,1,0
589,S.Kleiman,,50,8,1,1,1,0
1193,L.Cheng,,1,6,9,0.197757,0.222404,0.000146
1376,X.Liang,,1,3,11,0.177347,0.202403,0.000208
1777,S.Pathak,,1,3,10,0.157773,0.17204,0
123,JiayangZheng,,5,4,2,0.576923,0.633333,0
106,"Mollov,TodorI.",,20,5,3,0.5,0.587719,0
1509,"Tseng,Chien-Kai",,214,2,1,1,1,0
1891,P.González-Férez,,128,1,2,0.545455,0.583333,0
2210,"Alghamdi,MohammedI.",,25,4,7,0.29078,0.402787,0
1664,"Yang,Z.",,123,8,1,1,1,0
184,"Wei,Yazhou",,201,5,2,0.777778,0.857143,0
256,MaisNijim,,21,2,1,1,1,0
271,"Evans,DavidThomas",,20,9,2,0.655172,0.736842,0
1595,"Chen,Yong",,2,16,4,0.52,0.653846,0.000297
1957,N.Podhorszki,,1,7,10,0.189566,0.221252,0.000507
1832,J.Han,,1,5,11,0.155403,0.193659,0.000014
1476,"Xiao,Y.",,132,6,1,1,1,0
1853,Y.Zhuang,,1,3,9,0.198416,0.221113,0.000092
1914,"Bhamini,Janki",,20,4,3,0.487179,0.561404,0
1601,W.Xumin,,159,3,1,1,1,0
169,D.K.D.K.Panda,,99,2,2,0.583333,0.642857,0
1184,M.Tanaka,,143,1,2,0.555556,0.6,0
170,J.Park,,1,26,11,0.162791,0.225247,0.001164
37,"Anwar,Ali",,190,2,1,1,1,0
166,"Song,YongHo",,210,2,1,1,1,0
1878,"Liu,Xin",,33,5,5,0.320755,0.490196,0
317,UksongKang,,32,23,1,1,1,0
1552,A.Schuster,,206,2,1,1,1,0
197,"Liao,Xiaofei",,2,5,5,0.3,0.399573,0
40,N.Zhao,,1,8,11,0.17385,0.20392,0.000005
72,Z.Wang,,1,11,10,0.185938,0.221514,0.001839
1629,K.Ota,,1,5,12,0.17821,0.213272,0.000114
1603,Z.Guorong,,159,3,1,1,1,0
996,HaiJin,,169,9,1,1,1,0.000014
616,J.Yu,,1,4,10,0.195002,0.221663,0.000537
1256,Z.Kong,,1,7,8,0.226128,0.257548,0.001599
1911,"Verma,Akshat",,6,4,1,1,1,0
1921,"Chien,AndrewA.",,29,4,1,1,1,0
1523,"Pletka,R.A.",,218,1,1,1,1,0
50,ZhiyangDing,,1,6,12,0.142217,0.161241,0
902,"Jung,Myoungsoo",,77,2,1,1,1,0
48,A.Manzanares,,1,6,12,0.142217,0.161241,0
1979,VíctorMéndez,,167,3,1,1,1,0
696,"Lv,Yanfei",,160,4,1,1,1,0
623,Z.Ming,,1,2,11,0.191858,0.229016,0
1809,"Lee,Bitna",,98,3,1,1,1,0
921,"Whang,Kyu-Young",,168,2,1,1,1,0
748,M.Wang,,182,1,1,1,1,0
1686,M.Lin,,1,4,11,0.187549,0.220175,0.002377
267,"Hoseinzadeh,Morteza",,20,9,2,0.655172,0.736842,0
1669,"Bolt,R.T.",,123,8,1,1,1,0
1161,"Bhat,Adithya",,170,5,2,0.857143,0.916667,0
699,"Chen,Xuexuan",,160,4,1,1,1,0
1167,"Liu,Baoan",,221,3,1,1,1,0
1291,"Yan,Cairong",,59,3,1,1,1,0
1452,"Song,Ye-Qiong",,96,2,1,1,1,0
1023,S.Oikawa,,195,1,1,1,1,0
3,J.Yin,,1,10,11,0.182375,0.22284,0.000909
1385,Q.Xu,,14,2,1,1,1,0
368,K.Park,,1,24,10,0.177944,0.241639,0.000071
2001,"Morjan,Peter",,91,14,1,1,1,0
974,H.Hu,,1,6,12,0.183288,0.219109,0.000073
223,"Ge,Xiongzi",,41,9,1,1,1,0.000014
1248,T.Cortes,,58,7,1,1,1,0.000007
2081,"Liu,Xiaodong",,130,4,1,1,1,0
958,LinpengHuang,,173,3,1,1,1,0
1477,"Yu’an,T.",,132,6,1,1,1,0
262,ShuigengZhou,,84,3,1,1,1,0
221,"Yue,Lihua",,47,9,1,1,1,0.000007
416,B.He,,1,11,11,0.209969,0.262624,0.003841
394,K.Zhu,,1,3,12,0.131419,0.148369,0
1519,MengchaoXu,,145,7,1,1,1,0
516,"Won,Youjip",,117,3,1,1,1,0
1510,"Hsu,Yarsun",,214,2,1,1,1,0
1893,Z.Fan,,194,3,1,1,1,0
794,R.Chen,,1,10,11,0.19002,0.228958,0.002029
1359,Y.Huang,,1,4,9,0.213071,0.243505,0.001288
1169,"Li,Bing",,221,3,1,1,1,0
1295,"Yang,RobinJun",,131,1,1,1,1,0
346,C.Kim,,1,24,10,0.177944,0.241639,0.000071
1996,"Biddiscombe,John",,91,14,1,1,1,0
773,"Wu,Weiguo",,15,6,1,1,1,0
1940,XinhuaDong,,0,6,1,1,1,0
928,"Kim,Jin-Soo",,107,2,1,1,1,0
243,P.Zeng,,1,6,12,0.163799,0.188824,0
723,F.Wu,,1,3,11,0.166783,0.189895,0.000208
1052,H.Nakada,,1,3,14,0.112609,0.125105,0
1156,WoochulKang,,42,1,1,1,1,0
167,D.Shankar,,99,7,1,1,1,0.000003
71,Z.Lu,,1,5,11,0.163855,0.189442,0
212,"Youn,Young-Sun",,163,3,1,1,1,0
1003,"Xue,Fei",,222,3,1,1,1,0
39,J.Wan,,1,8,11,0.17385,0.20392,0.000005
1535,D.Donofrio,,1,4,10,0.156373,0.180894,0.000424
1235,D.Milojicic,,1,5,12,0.138252,0.156138,0
1267,B.Guan,,1,7,13,0.130268,0.151717,0
1138,"Ming-Tat,Wong",,30,3,1,1,1,0
1252,K.Davis,,1,3,11,0.191858,0.225895,0.000287
466,Y.Xu,,1,13,10,0.19326,0.238199,0.002164
439,"Qiu,Ke-Ni",,166,4,1,1,1,0
2173,LeiWang,,87,3,1,1,1,0
1521,TsengdarLee,,145,7,1,1,1,0
68,X.Chen,,1,10,11,0.176101,0.213508,0.001378
116,B.Settlemyer,,1,5,11,0.196613,0.240061,0
1383,"Abid,MohamedRiduan",,25,5,7,0.292857,0.414983,0
1277,J.Xiong,,1,6,10,0.20777,0.247512,0.002276
799,X.Su,,1,4,13,0.14133,0.16114,0
1130,"Tang,Zhen",,52,5,1,1,1,0
1491,YijieWang,,8,2,1,1,1,0
1788,"Zheng,Long",,9,6,2,0.666667,0.75,0
1749,Y.Klonatos,,128,4,2,0.75,0.833333,0
729,S.S.Hahn,,1,2,11,0.151786,0.18571,0
135,"Ding,Zhiyang",,25,6,7,0.297101,0.431243,0
1250,M.A.Z.Alves,,58,5,2,0.777778,0.857143,0
461,S.Yamaguchi,,95,7,1,1,1,0.00001
1894,A.Haghdoost,,194,3,1,1,1,0
949,S.L.Pallickara,,70,2,1,1,1,0
2176,"Son,SeungWoo",,151,7,1,1,1,0.000008
1726,I.Papapanagiotou,,205,2,1,1,1,0
1353,T.I.,,1,7,11,0.160215,0.18587,0
1459,H.Wang,,1,9,11,0.195724,0.241126,0.002918
1398,"Kim,Jeong-Geun",,163,3,1,1,1,0
1115,SeungryoulMaeng,,152,4,1,1,1,0
588,J.Kimmel,,50,8,1,1,1,0
101,"Siegmund,Karsten",,65,8,1,1,1,0
1994,"Delalondre,Fabien",,91,14,1,1,1,0
652,J.Li,,1,16,10,0.190248,0.232394,0.003981
45,C.Xie,,1,14,10,0.19883,0.237642,0.006693
1590,"Kasampalis,Theodoros",,2,9,5,0.410526,0.533761,0
2000,"Metzler,Bernard",,91,14,1,1,1,0
2120,PhilipJ.Rhodes,,223,1,1,1,1,0
2031,T.J.C.Ward,,66,15,1,1,1,0
1069,"Geng,Shaofeng",,136,5,1,1,1,0
938,MoonhaengHur,,215,1,1,1,1,0
405,Z.Zhang,,1,12,9,0.209599,0.250113,0.003724
1034,M.Hou,,68,5,2,0.666667,0.75,0
817,"Liao,Xue-Liang",,109,1,1,1,1,0
678,Z.Li,,1,7,12,0.164365,0.194888,0.001669
1417,BingWei,,183,5,1,1,1,0
2117,"Mishra,Pratik",,224,1,1,1,1,0
1019,JingshengZheng,,61,5,1,1,1,0
1808,"Lee,Sehwan",,98,3,1,1,1,0
494,"Fevgas,Athanasios",,40,5,1,1,1,0
362,C.Park,,1,27,10,0.178344,0.245491,0.0019
456,"Schwan,Karsten",,45,4,1,1,1,0
693,"Huang,Fangting",,76,6,2,0.625,0.7,0
1168,"Ma,Can",,221,3,1,1,1,0
1586,N.Mi,,124,3,1,1,1,0
449,Y.Bao,,1,3,12,0.147277,0.163277,0
1344,"Luo,F.",,64,4,1,1,1,0
424,"Sun,Xiling",,89,3,5,0.285714,0.389167,0
1103,"Huang,Xiaomeng",,118,3,1,1,1,0
1255,B.Yin,,1,7,8,0.226128,0.257548,0.001599
525,S.Jiang,,1,7,10,0.215482,0.261281,0.00308
100,"Mosch,Christian",,65,8,1,1,1,0
9,A.Y.Zomaya,,1,7,11,0.170732,0.202717,0
829,Y.Zhou,,1,9,11,0.168675,0.198901,0.003638
1514,H.Guan,,1,3,11,0.171346,0.197683,0
1439,D.Yu,,1,4,12,0.153747,0.173972,0
918,TaoXie,,171,1,1,1,1,0
496,Y.Kang,,1,3,11,0.151737,0.185044,0.000501
863,"Li,Hong-yan",,12,3,1,1,1,0
1225,GuillermoL.Taboada,,38,3,1,1,1,0
1583,J.Tai,,124,3,1,1,1,0
65,B.Wadhwa,,1,2,10,0.171223,0.194725,0
915,W.Wu,,1,4,9,0.19933,0.221444,0
873,"Chung,Tae-Sun",,186,4,1,1,1,0
1120,M.S.Iqbal,,1,2,11,0.162958,0.184361,0
948,M.Malensek,,70,2,1,1,1,0
1182,H.Shin,,1,4,11,0.152077,0.18662,0
82,"Chen,Shi-Yan",,17,6,1,1,1,0
2212,"Zhang,Ji",,25,4,7,0.29078,0.402787,0
213,"Yoon,Su-Kyung",,163,3,1,1,1,0
1418,"Zhao,N.",,18,9,4,0.5,0.638889,0.000004
1170,"Wang,Weiping",,221,3,1,1,1,0
429,"Panda,DhabaleswarK.",,170,3,2,0.666667,0.75,0
1001,GabrielAntoniu,,169,5,2,0.692308,0.777778,0
1437,Y.Ren,,1,4,12,0.153747,0.173972,0
1794,ScottKlasky,,63,7,1,1,1,0
12,T.Newhall,,11,1,1,1,1,0
263,"Al-Wesabi,OlaAhmed",,79,2,2,0.75,0.833333,0
2188,"Kim,Deok-Hwan",,10,5,1,1,1,0
2216,"Gao,Congming",,101,6,2,0.8,0.875,0
392,F.Meng,,1,6,12,0.146868,0.171359,0.000597
2118,"Somani,ArunK.",,224,1,1,1,1,0
93,P.Long,,1,5,11,0.163855,0.189442,0
1216,"Joo,Yongsoo",,127,3,1,1,1,0
1502,"Eom,H.",,18,4,6,0.3,0.411111,0
44,P.Chen,,1,6,11,0.173723,0.201819,0
1789,QingLiu,,63,7,1,1,1,0
1312,"Xie,Xia",,2,5,5,0.295455,0.391026,0
1987,"Zhao,Ming",,33,9,4,0.472222,0.681373,0.000042
761,YinlongXu,,176,3,1,1,1,0
1211,A.J.Uppal,,97,2,1,1,1,0
1488,P.Riteau,,7,2,1,1,1,0
355,M.Lee,,1,24,10,0.177944,0.241639,0.000071
1012,"Piao,Zhegao",,26,3,1,1,1,0
1802,G.Jia,,1,4,12,0.163912,0.189986,0
1931,"Xiao,Limin",,53,3,1,1,1,0
134,"Yin,Shu",,25,6,7,0.297101,0.431243,0
289,R.J.Baker,,43,2,1,1,1,0
1985,"Shu,Jiwu",,33,4,4,0.414634,0.534314,0
1879,"Lu,Yu-tong",,33,5,5,0.320755,0.490196,0
1238,K.Schwan,,1,5,12,0.138252,0.156138,0
899,"Guo,Jiayang",,25,2,9,0.182222,0.262282,0
1149,J.Romero,,181,4,1,1,1,0
619,G.Yasa,,165,2,1,1,1,0
1410,K.Xie,,1,4,12,0.157251,0.180157,0
511,"Kim,HyeongS.",,89,4,4,0.408163,0.504167,0
887,JalilBoukhobza,,22,8,1,1,1,0.000004
827,X.Meng,,1,4,12,0.144505,0.16352,0
1268,L.Hu,,1,7,13,0.130268,0.151717,0
698,"Cui,Bin",,160,4,1,1,1,0
248,H.M.Aktulga,,1,8,9,0.183571,0.217503,0
556,D.Zhang,,216,3,1,1,1,0
520,C.H.Lunde,,149,3,1,1,1,0
1177,M.Sakamoto,,95,1,2,0.538462,0.571429,0
132,BabakRavandi,,122,1,1,1,1,0
926,"Kim,Sang-Hoon",,107,2,1,1,1,0
1642,X.Ju,,1,3,11,0.171346,0.197683,0
2145,"Shen,Zhiming",,24,7,2,0.769231,0.85,0
1196,N.Bergmann,,1,6,9,0.197757,0.222404,0.000146
1311,"Wang,Xibin",,2,5,5,0.295455,0.391026,0
878,"Song,Zhenlong",,41,5,2,0.692308,0.777778,0
183,"Rao,Guozheng",,201,5,2,0.777778,0.857143,0
272,"Bolt,RoryThomas",,20,9,2,0.655172,0.736842,0
2013,"Grider,Gary",,2,6,6,0.330508,0.447863,0
924,"Lin,Han-Yi",,148,2,1,1,1,0
985,C.Engelmann,,1,5,11,0.170977,0.203039,0.000301
1480,"Aourra,K.",,132,6,1,1,1,0
1475,"Xi,Z.",,104,4,2,0.75,0.833333,0
311,K.Bergman,,31,6,1,1,1,0
1415,ZhenxueHe,,183,5,1,1,1,0
1249,R.Nou,,58,5,2,0.777778,0.857143,0
31,S.S.Vazhkudai,,1,16,10,0.198168,0.247,0.004967
498,E.L.Miller,,1,3,11,0.151737,0.185044,0.000501
273,"Bhimani,Janki",,20,9,2,0.655172,0.736842,0
1650,S.Ji,,54,1,2,0.666667,0.75,0
282,"Jiang,Hong",,25,7,7,0.259494,0.394193,0.000187
492,"Vassilakopoulos,Michael",,40,5,1,1,1,0
2136,"Lai,Wenyu",,94,2,2,0.666667,0.75,0
929,NikkitaShekhar,,57,1,1,1,1,0
742,"Lujan,M.",,178,3,1,1,1,0
2072,"Khil,Kijeong",,105,4,1,1,1,0
1171,B.Wang,,1,10,9,0.191011,0.22262,0.001892
1584,B.Sheng,,124,3,1,1,1,0
1679,Xiu-MinZhou,,55,3,1,1,1,0
933,"AlAssaf,M.",,27,5,2,0.777778,0.857143,0
1744,X.Huang,,1,5,10,0.165106,0.186969,0.000106
2199,"Zong,Ziliang",,25,3,7,0.30597,0.417015,0.000127
1345,J.K.Park,,1,2,11,0.151544,0.183959,0
712,N.Zheng,,1,5,11,0.181402,0.215186,0.000113
217,"Chen,G.",,18,2,6,0.292683,0.383333,0
558,D.J.DeWitt,,216,3,1,1,1,0
988,Z.Yang,,1,4,10,0.200844,0.237395,0.002475
688,DongkunShin,,134,2,1,1,1,0.000001
1095,"Tatemura,Junichi",,88,3,1,1,1,0
758,YubiaoPan,,176,3,1,1,1,0
2167,Y.He,,138,2,1,1,1,0
1188,"Wang,Q.",,51,3,2,0.666667,0.75,0
692,"Liu,Jingning",,76,9,2,0.714286,0.8,0.000005
313,D.Dutoit,,154,4,1,1,1,0
1060,"Lee,Sang-Won",,219,2,1,1,1,0
1068,"Huang,Yizi",,136,5,1,1,1,0
380,P.Wang,,1,14,9,0.213071,0.2506,0
1776,B.Gong,,1,3,10,0.157773,0.17204,0
932,"Alghamdi,M.",,27,5,2,0.777778,0.857143,0
2075,"Kwak,Yunsik",,105,4,1,1,1,0
559,B.Chang,,1,4,10,0.162791,0.18155,0
1626,M.Dong,,1,5,12,0.17821,0.213272,0.000114
876,"Wei,Dengping",,41,5,2,0.692308,0.777778,0
1635,"Mei,Linjun",,76,4,2,0.576923,0.633333,0
1769,"Choi,HyunJin",,179,2,1,1,1,0
1607,"Altiparmak,N.",,202,2,1,1,1,0
1173,R.Zhang,,1,5,10,0.181679,0.206399,0
1219,"Shin,KangG.",,127,3,1,1,1,0
2078,"Li,Shanshan",,130,4,1,1,1,0
462,G.J.Lee,,95,4,2,0.7,0.785714,0
1005,"You,Shaodi",,222,3,1,1,1,0
954,J.S.Vetter,,1,4,11,0.151592,0.18571,0
1066,"Liu,Yan",,136,5,1,1,1,0
322,Soo-HoCha,,32,23,1,1,1,0
2054,"Bilas,Angelos",,161,4,1,1,1,0
1820,C.Chung,,225,1,1,1,1,0
1206,B.Sendir,,34,3,1,1,1,0
199,"Tang,Yong",,2,6,5,0.302326,0.412393,0.000025
1325,"Huang,Cheng-Wei",,150,2,1,1,1,0
2121,DjillaliBoukhelef,,22,4,2,0.666667,0.75,0
1013,"Yoo,SeongJoon",,26,3,1,1,1,0
575,"Zhang,Baoquan",,48,6,2,0.75,0.833333,0
1517,JohnL.Schnase,,145,7,1,1,1,0
1904,"Teller,PatriciaJ.",,199,4,1,1,1,0
30,R.Prabhakar,,1,10,10,0.187994,0.228722,0.00035
1427,"Butt,A.",,18,9,4,0.5,0.638889,0.000004
2147,"Kochut,Andrzej",,24,7,2,0.769231,0.85,0
249,C.Yang,,1,13,9,0.198747,0.239874,0.003793
180,"Feng,Zhijie",,201,5,2,0.777778,0.857143,0
1234,S.Kannan,,1,5,12,0.138252,0.156138,0
216,"Cheng,Y.",,18,10,5,0.4,0.592361,0.000031
903,"Prabhakar,Ramya",,77,2,1,1,1,0
1739,AlirezaPoshtkohi,,193,1,1,1,1,0
824,J.Xue,,1,6,11,0.202209,0.247282,0.000025
1854,D.Wang,,209,1,1,1,1,0
947,S.W.Son,,1,3,9,0.207498,0.236932,0.001583
174,"Kwon,Youngjin",,16,5,1,1,1,0
235,WeiTong,,5,6,2,0.625,0.7,0
1282,"Song,Huaiming",,2,4,6,0.330508,0.430769,0
1401,"Kato,Shinpei",,49,2,1,1,1,0
2025,B.Metzler,,66,15,1,1,1,0
1770,"Park,Doo-Soon",,179,2,1,1,1,0
1271,T.Yemliha,,1,3,10,0.172401,0.200701,0.000002
2193,"Raju,RaghuNandi",,25,4,9,0.20098,0.287853,0
1281,"He,Jun",,2,9,6,0.345133,0.494872,0.000007
551,"Xie,Chang-sheng",,25,5,5,0.369369,0.45935,0.000283
909,C.Hong,,1,5,11,0.163181,0.191977,0
361,H.Joo,,1,24,10,0.177944,0.241639,0.000071
239,H.Jiang,,1,6,12,0.163799,0.188824,0
277,"Chen,Haopeng",,44,4,1,1,1,0
1322,"Roy,Amitabha",,192,3,1,1,1,0
1673,G.Yan,,1,3,12,0.159839,0.181333,0
1350,"Carretero,Jesus",,80,5,1,1,1,0.000004
1004,"Huang,Hao",,222,3,1,1,1,0
1165,"Shankar,Dipti",,170,5,2,0.857143,0.916667,0
80,"Song,Zhi-Tang",,17,6,1,1,1,0
1065,"Tari,Abdelkamel",,142,3,1,1,1,0
1131,"Wang,Wei",,52,5,1,1,1,0
1263,A.Maruf,,1,7,13,0.130268,0.151717,0
980,C.Wang,,1,5,11,0.170977,0.203039,0.000301
171,H.Bahn,,1,3,12,0.140206,0.171408,0.000336
2112,"Kim,JaeEun",,89,6,5,0.392157,0.5425,0
1315,"Cao,Wenzhi",,2,5,5,0.295455,0.391026,0
2129,"Lin,Yanping",,25,3,9,0.183036,0.274477,0
1999,"Curioni,Alessandro",,91,14,1,1,1,0
77,"Chen,Xiao-Gang",,17,6,1,1,1,0
1352,K.K.Matam,,1,7,11,0.160215,0.18587,0
1725,Z.Yao,,205,2,1,1,1,0
2076,"Cheong,Seungkook",,105,4,1,1,1,0
802,TongZhang,,191,3,1,1,1,0
1406,"Pirahandeh,M.",,78,3,1,1,1,0
329,Hyun-KyungKim,,32,23,1,1,1,0
38,"Butt,AliR.",,190,2,1,1,1,0
1898,LijuanLu,,72,4,2,0.833333,0.9,0
20,"Zhao,Yuelong",,226,1,1,1,1,0
21,"Lu,Zheng-Wu",,75,2,1,1,1,0
2086,"Prada,Laura",,80,3,2,0.714286,0.8,0
96,"Neuer,Matthias",,65,8,1,1,1,0
1358,M.Annavaram,,1,7,11,0.160215,0.18587,0
1927,"Xue,ChunJason",,101,8,1,1,1,0.000004
1289,"Haffmans,WouterJ.",,146,1,1,1,1,0
940,"Kim,Jik-Soo",,89,4,3,0.47619,0.55,0.000013
646,T.Cai,,1,5,12,0.149123,0.172699,0
1243,YuZhang,,169,4,2,0.642857,0.722222,0
563,H.Li,,1,10,9,0.189641,0.21918,0.002276
1935,"Zhang,Z.",,100,4,1,1,1,0
1198,YiOu,,111,3,2,0.666667,0.75,0
126,"Mithal,A.",,86,2,2,0.55,0.590909,0
192,"Enes,Jonatan",,162,3,1,1,1,0
809,L.Chang,,1,5,9,0.201098,0.227796,0.000183
1133,"Wu,Heng",,52,5,1,1,1,0
242,Q.Zhang,,1,6,12,0.163799,0.188824,0
848,A.Sivasubramaniam,,1,5,10,0.155912,0.179493,0
1592,"Lu,Yin",,2,11,5,0.419355,0.559402,0.000007
2152,"Fuller,Nicholas",,24,7,2,0.769231,0.85,0
148,X.He,,1,8,10,0.196613,0.229849,0.003454
1559,"Dong,B.",,36,4,2,0.75,0.833333,0
316,P.Vivet,,154,4,1,1,1,0
774,"Nie,Shiqiang",,15,6,1,1,1,0
769,DuoLiu,,153,4,1,1,1,0
191,"Wu,Lizhou",,37,5,2,0.647059,0.727273,0
1929,"Dong,Bin",,53,3,1,1,1,0
1058,W.Zheng,,1,4,9,0.226559,0.265344,0.001362
1499,"Koo,D.",,18,4,6,0.3,0.411111,0
1518,DanielQ.Duffy,,145,7,1,1,1,0
367,D.Byeon,,1,24,10,0.177944,0.241639,0.000071
1024,"He,Shuibing",,2,3,6,0.322314,0.409402,0
590,C.Small,,50,8,1,1,1,0
464,G.Ju,,1,4,10,0.174743,0.201814,0
2065,"Jiang,Yanbing",,9,3,2,0.571429,0.625,0
1264,F.B.Yusuf,,1,7,13,0.130268,0.151717,0
347,S.Yu,,1,24,10,0.177944,0.241639,0.000071
270,"Mayers,Clay",,20,9,2,0.655172,0.736842,0
2021,F.Schuermann,,66,15,1,1,1,0
1907,"Nadgowda,ShripadJ.",,6,4,1,1,1,0
2028,J.Fenkes,,66,15,1,1,1,0
1354,H.V.K.G.Narra,,1,7,11,0.160215,0.18587,0
19,"Liu,Lin",,226,1,1,1,1,0
1982,"Wang,W.",,36,2,2,0.6,0.666667,0
51,J.Majors,,1,6,12,0.142217,0.161241,0
505,"Kim,Taeseok",,198,2,1,1,1,0
1180,H.Jeong,,1,4,11,0.152077,0.18662,0
1226,JuanTouriño,,38,3,1,1,1,0
1920,"Vandenbergen,Nicolas",,29,4,1,1,1,0
1980,"Zhou,J.",,36,2,2,0.6,0.666667,0
831,Z.Qin,,1,6,11,0.200168,0.24409,0.000183
1539,"Ignacio,BrianA.",,9,2,2,0.545455,0.583333,0
624,G.Panagiotakis,,128,2,2,0.6,0.666667,0
2166,Y.Leung,,1,3,9,0.194603,0.216362,0.000227
1562,A.A.McEwan,,108,1,1,1,1,0
1605,"Tomes,E.",,202,2,1,1,1,0
22,"Wang,Yu-De",,75,2,1,1,1,0
1952,Y.Tian,,1,7,10,0.189566,0.221252,0.000507
664,T.Yu-An,,1,1,13,0.140247,0.156542,0
633,D.H.Kang,,1,5,13,0.117357,0.137131,0.000502
1332,F.Singhoff,,73,3,2,0.714286,0.8,0
997,XiaoLing,,169,5,2,0.692308,0.777778,0
853,"Hardock,Sergey",,71,3,1,1,1,0
503,"Ko,Byeungkeun",,198,2,1,1,1,0
403,D.Meng,,1,5,10,0.205349,0.245152,0
1654,"Lee,J.B.",,86,3,3,0.5,0.590909,0
452,H.Choi,,1,1,13,0.122997,0.140902,0
1991,"Lin,Li",,114,4,1,1,1,0
210,"Ren,Yongjian",,115,6,1,1,1,0
725,"Shen,Biaobiao",,90,3,2,0.714286,0.8,0
1031,F.Yang,,68,5,2,0.666667,0.75,0
0,H.Chen,,1,6,11,0.1711,0.205567,0.000705
1061,"Moon,Bongki",,219,2,1,1,1,0
1791,JongChoi,,63,7,1,1,1,0
1823,H.Cho,,147,2,1,1,1,0
978,H.Jin,,1,9,8,0.236228,0.264691,0.005685
2233,"Li,Keqin",,56,2,2,0.625,0.7,0
69,W.Chen,,1,5,11,0.163855,0.189442,0
1039,M.Yoshimi,,158,5,1,1,1,0
1233,Y.Cheng,,1,1,10,0.173343,0.192315,0
1038,"Xiaoli,Lin",,174,1,1,1,1,0
74,"Yu,Yu-Cheng",,135,2,2,0.6,0.666667,0
2022,J.Biddiscombe,,66,15,1,1,1,0
2077,"Lin,Bin",,130,4,1,1,1,0
1831,G.Wu,,1,4,12,0.154596,0.184452,0
315,I.Miro-Panades,,154,4,1,1,1,0
914,Y.Zhang,,1,13,8,0.235994,0.270091,0.012947
1699,G.Xu,,1,5,11,0.193339,0.234131,0.001837
1002,"Zhang,Diming",,222,3,1,1,1,0
388,K.Ganesh,,1,3,11,0.173596,0.21859,0.002035
1029,Y.Liu,,1,2,10,0.169757,0.18678,0
572,"Wu,Fenggang",,48,6,2,0.75,0.833333,0
2040,"Zhang,Zhe",,24,10,1,1,1,0.000015
1936,"Zhang,A.",,100,4,1,1,1,0
1896,D.Voigt,,194,3,1,1,1,0
2219,"Zhuge,Qingfeng",,101,6,2,0.8,0.875,0
2011,"Bent,John",,2,6,6,0.330508,0.447863,0
920,"Kim,Yi-Reun",,168,2,1,1,1,0
1715,H.C.B.Chan,,1,5,11,0.203072,0.246748,0.000276
2027,P.Morjan,,66,15,1,1,1,0
258,YousefNijim,,21,2,1,1,1,0
1856,P.Gonzalez-Ferez,,58,2,2,0.583333,0.642857,0
284,"Tian,Lei",,25,4,7,0.246988,0.337282,0
2037,"Liu,Ke",,4,3,2,0.8,0.875,0
1416,XiaolingRong,,183,5,1,1,1,0
4,Y.Tang,,1,10,11,0.174168,0.21058,0.000406
344,D.Na,,1,24,10,0.177944,0.241639,0.000071
1558,"Byna,S.",,36,4,2,0.75,0.833333,0
140,"Qin,Xiao",,25,19,6,0.394231,0.628455,0.000431
1017,JianxinLi,,61,5,1,1,1,0
129,"Wang,Jiangtao",,94,4,1,1,1,0.000001
1632,H.Tan,,1,3,12,0.14433,0.164341,0.000336
299,J.H.Chun,,1,7,12,0.148472,0.188872,0
1403,"Kim,D.-H.",,78,3,1,1,1,0
1493,T.Zhou,,1,5,8,0.203593,0.229539,0.00135
1185,O.Tatebe,,143,5,1,1,1,0.000005
1326,"Chang,Chen-Yu",,150,2,1,1,1,0
1114,Jin-SooKim,,152,4,1,1,1,0
1047,N.Islam,,99,4,2,0.7,0.785714,0
482,R.Xu,,83,7,1,1,1,0.000007
2119,OyindamolaO.Akande,,223,1,1,1,1,0
2185,"Woo,Youngjoo",,10,5,1,1,1,0
83,"Kim,Seonbong",,188,1,1,1,1,0
200,"Zhao,Gansen",,2,4,5,0.29771,0.386752,0
1924,"An,Hong",,2,2,5,0.348214,0.401282,0
1553,H.H.W.Chan,,1,3,11,0.16482,0.191714,0
1678,Zhao-MengZhu,,55,3,1,1,1,0
999,WenzhiCao,,169,5,2,0.692308,0.777778,0
1710,JiWuShu,,137,6,1,1,1,0
1102,"Xu,Chuncong",,118,3,1,1,1,0
632,K.Kwon,,1,2,14,0.105077,0.118058,0
680,Y.Fu,,1,4,10,0.173659,0.196167,0.000671
502,"Jun,Kyungkoo",,227,0,0,0,0,0
1656,U.Yoon,,1,2,10,0.196776,0.230278,0.006375
536,"Wu,W.",,51,4,2,0.75,0.833333,0
1179,J.Ryu,,1,4,11,0.152077,0.18662,0
1821,H.Hsu,,225,1,1,1,1,0
1057,X.Jiang,,1,4,9,0.226559,0.265344,0.001362
1782,"Meng,Xiao-Dong",,9,6,2,0.666667,0.75,0
867,"Nath,Suman",,126,1,1,1,1,0
2044,"Li,Wenji",,33,5,5,0.354167,0.52451,0
1550,G.Yadgar,,206,2,1,1,1,0
1707,WeiXue,,137,6,1,1,1,0
366,H.Yang,,1,24,10,0.177944,0.241639,0.000071
1806,N.Jain,,197,1,1,1,1,0
1971,K.Hu,,1,3,9,0.219254,0.247574,0.003772
1902,"Arunagiri,Sarala",,199,4,1,1,1,0
650,Q.He,,1,5,12,0.149123,0.172699,0
2002,"Fenkes,Joachim",,91,14,1,1,1,0
432,"Moon,YoungJe",,35,6,1,1,1,0
1793,MattWolf,,63,7,1,1,1,0
1020,HanqingLiu,,61,5,1,1,1,0
1286,"Zhang,Xuechen",,4,4,1,1,1,0
1648,"Yu,Chen",,2,5,3,0.458824,0.512821,0.000074
1574,M.Guo,,1,3,9,0.202985,0.231538,0.001157
871,"Kim,Youngjae",,186,4,1,1,1,0
1462,X.Zhao,,1,5,11,0.195402,0.236924,0.001583
934,"Ruan,X.",,27,5,2,0.777778,0.857143,0
2174,"Patrick,ChristinaM.",,151,3,2,0.636364,0.714286,0
889,StéphaneRubini,,22,5,2,0.727273,0.8125,0
1561,"Chen,Y.",,36,6,1,1,1,0.000006
1542,AlistairA.McEwan,,93,1,1,1,1,0
474,T.Yang,,1,4,11,0.163014,0.18526,0
859,"Lui,JohnC.S.",,90,2,2,0.625,0.7,0
2030,L.Schneidenbach,,66,15,1,1,1,0
27,S.He,,1,4,10,0.183218,0.208228,0.00013
1709,HuangHuang,,137,6,1,1,1,0
1913,"Wang,Yufeng",,20,4,3,0.487179,0.561404,0
280,"Hu,Fei",,44,4,1,1,1,0
568,K.Li,,1,6,10,0.179894,0.210281,0.000838
2133,"Zhang,Yinghui",,47,4,2,0.642857,0.722222,0
557,J.M.Patel,,216,3,1,1,1,0
1429,G.Antoniu,,82,4,1,1,1,0
1771,M.Frasca,,1,3,10,0.171841,0.198215,0
70,S.Yang,,1,6,11,0.163912,0.190492,0.000336
1729,"Zhang,Yong-Le",,144,5,1,1,1,0
1778,Y.C.Tay,,1,3,10,0.157773,0.17204,0
1513,J.Dai,,1,3,11,0.171346,0.197683,0
1909,"Gupta,Sanchit",,6,4,1,1,1,0
122,LaurenceT.Yang,,5,9,2,0.714286,0.8,0.000002
1423,"Wan,J.",,18,9,4,0.5,0.638889,0.000004
2170,XuechenZhang,,87,3,1,1,1,0
675,C.Li,,1,15,11,0.182585,0.237699,0.003477
1959,M.Wolf,,1,7,10,0.189566,0.221252,0.000507
1378,M.Stuart,,1,2,11,0.164421,0.182226,0
413,ZhenHe,,172,1,1,1,1,0
1905,"Portillo,RicardoA.",,199,4,1,1,1,0
2088,"Garcia,J.Daniel",,80,3,2,0.714286,0.8,0
1339,H.Tang,,1,10,10,0.191472,0.226468,0.000232
1341,"Ligon,W.B.",,64,4,1,1,1,0
359,J.Kim,,1,32,10,0.178478,0.250043,0.00238
345,J.Shin,,1,24,10,0.177944,0.241639,0.000071
1546,"Oral,S.",,18,5,4,0.5,0.576389,0.000014
1070,"Peng,Xin",,136,5,1,1,1,0
421,Y.Kee,,1,4,12,0.131966,0.154411,0.000671
489,C.Chen,,1,6,9,0.204204,0.231093,0.003817
441,"Zhang,Wei-Gong",,166,4,1,1,1,0
1816,GauharEramShaikh,,220,1,1,1,1,0
640,"Xi,Zaifa",,25,3,8,0.21466,0.311876,0
478,L.Lin,,1,5,10,0.177017,0.20355,0.001363
813,A.S.Lebrecht,,155,2,1,1,1,0
834,Q.Wang,,1,6,11,0.200168,0.24409,0.000183
1803,G.Han,,1,4,12,0.163912,0.189986,0
1889,B.S.An,,120,2,1,1,1,0
1623,"Evans,David",,20,3,3,0.475,0.535088,0
1867,B.VanEssen,,200,3,1,1,1,0
327,Han-SungJoo,,32,23,1,1,1,0
162,"Ou,Yi",,103,1,1,1,1,0
1442,GaoxiangXu,,5,7,2,0.652174,0.733333,0
778,"Wang,Yinfeng",,15,6,1,1,1,0
1190,C.Xiao,,1,6,9,0.197757,0.222404,0.000146
1239,H.Abbasi,,1,10,11,0.160162,0.187034,0.001666
304,A.Herkersdorf,,213,4,1,1,1,0
442,"Liu,Zhuo",,113,2,1,1,1,0
760,HuizhenZhang,,176,3,1,1,1,0
1950,S.H.Baek,,185,1,1,1,1,0
73,"Chang,Hsung-Pin",,135,6,1,1,1,0.000008
1067,"Huang,Xin",,136,5,1,1,1,0
1784,"Guo,Min-Yi",,9,6,2,0.666667,0.75,0
204,"Han,Hyuck",,89,10,4,0.540541,0.704167,0.000059
24,"Al-wesabi,OlaA.",,79,2,2,0.75,0.833333,0
340,ChanghyunKim,,32,23,1,1,1,0
